row_id,fixture_id,gameweek,team,team_short,opponent,opponent_short,venue,official_fdr,goals_for,goals_against,goal_difference,xg,xga,xg_difference,global_gd_quintile,global_xgd_quintile,team_gd_quintile,team_xgd_quintile,pre_match_xg_baseline,xg_factor_vs_team_median,defensive_factor_vs_team_median
1:12,1,1,Liverpool,LIV,Bournemouth,BOU,H,3,4,2,2,2.21,1.7,0.51,1,2,1,3,1.4,1.4121405750798723,0.6205882352941178
1:4,1,1,Bournemouth,BOU,Liverpool,LIV,A,4,2,4,-2,1.7,2.21,-0.51,5,4,5,4,1.4,1.0625,0.6063348416289593
2:2,2,1,Aston Villa,AVL,Newcastle,NEW,H,3,0,0,0,0.2,1.43,-1.23,2,5,3,5,1.4,0.17777777777777778,0.8811188811188811
2:15,2,1,Newcastle,NEW,Aston Villa,AVL,A,4,0,0,0,1.43,0.2,1.23,2,1,2,1,1.4,0.9761092150170649,6.55
3:6,3,1,Brighton,BHA,Fulham,FUL,H,3,1,1,0,1.48,0.76,0.72,2,2,2,2,1.4,1.0242214532871974,1.5526315789473684
3:10,3,1,Fulham,FUL,Brighton,BHA,A,4,1,1,0,0.76,1.48,-0.72,2,4,2,4,1.4,0.6816143497757847,0.9560810810810811
6:18,6,1,Spurs,TOT,Burnley,BUR,H,1,3,0,3,2.32,0.94,1.38,1,1,1,1,1.4,2.2524271844660193,1.4202127659574468
6:3,6,1,Burnley,BUR,Spurs,TOT,A,3,0,3,-3,0.94,2.32,-1.38,5,5,5,4,1.4,1.0867052023121386,0.8620689655172414
5:17,5,1,Sunderland,SUN,West Ham,WHU,H,2,3,0,3,0.75,0.56,0.18999999999999995,1,3,1,2,1.4,0.8620689655172414,2.4374999999999996
5:19,5,1,West Ham,WHU,Sunderland,SUN,A,3,0,3,-3,0.56,0.75,-0.18999999999999995,5,3,5,2,1.4,0.5572139303482588,1.9266666666666665
7:20,7,1,Wolves,WOL,Man City,MCI,H,4,0,4,-4,0.56,2.47,-1.9100000000000001,5,5,5,5,1.4,0.7724137931034484,0.5364372469635628
7:13,7,1,Man City,MCI,Wolves,WOL,A,2,4,0,4,2.47,0.56,1.9100000000000001,1,1,1,1,1.4,1.2258064516129035,1.7499999999999998
8:7,8,1,Chelsea,CHE,Crystal Palace,CRY,H,3,0,0,0,1.6,0.66,0.9400000000000001,2,2,2,2,1.4,0.9785932721712539,1.9166666666666667
8:8,8,1,Crystal Palace,CRY,Chelsea,CHE,A,3,0,0,0,0.66,1.6,-0.9400000000000001,2,4,2,5,1.4,0.42443729903536975,0.865625
4:16,4,1,Nott'm Forest,NFO,Brentford,BRE,H,3,3,1,2,1.83,1.49,0.3400000000000001,1,2,1,2,1.4,1.6636363636363636,0.9798657718120806
4:5,4,1,Brentford,BRE,Nott'm Forest,NFO,A,3,1,3,-2,1.49,1.83,-0.3400000000000001,5,4,4,4,1.4,0.9834983498349834,0.7240437158469946
9:14,9,1,Man Utd,MUN,Arsenal,ARS,H,4,0,1,-1,1.52,1.31,0.20999999999999996,4,3,5,3,1.4,0.9806451612903225,0.8740458015267175
9:1,9,1,Arsenal,ARS,Man Utd,MUN,A,4,1,0,1,1.31,1.52,-0.20999999999999996,1,3,2,5,1.4,0.7422096317280453,0.37171052631578944
10:11,10,1,Leeds,LEE,Everton,EVE,H,3,1,0,1,2.13,0.8,1.3299999999999998,1,1,1,1,1.4,1.484320557491289,1.625
10:9,10,1,Everton,EVE,Leeds,LEE,A,3,0,1,-1,0.8,2.13,-1.3299999999999998,4,5,4,5,1.4,0.7511737089201879,0.676056338028169
20:19,20,2,West Ham,WHU,Chelsea,CHE,H,3,1,5,-4,0.73,2.74,-2.0100000000000002,5,5,5,5,1.2066666666666668,0.7263681592039801,0.5273722627737225
20:7,20,2,Chelsea,CHE,West Ham,WHU,A,3,5,1,4,2.74,0.73,2.0100000000000002,1,1,1,1,1.38,1.6758409785932722,1.7328767123287674
18:13,18,2,Man City,MCI,Spurs,TOT,H,3,0,2,-2,1.55,1.11,0.43999999999999995,5,2,5,4,1.5250000000000001,0.7692307692307694,0.8828828828828827
18:18,18,2,Spurs,TOT,Man City,MCI,A,5,2,0,2,1.11,1.55,-0.43999999999999995,1,4,1,3,1.5,1.0776699029126213,0.8612903225806451
12:4,12,2,Bournemouth,BOU,Wolves,WOL,H,1,1,0,1,1.29,0.46,0.8300000000000001,1,2,1,2,1.3966666666666665,0.80625,2.9130434782608696
12:20,12,2,Wolves,WOL,Bournemouth,BOU,A,4,0,1,-1,0.46,1.29,-0.8300000000000001,4,4,2,4,1.2066666666666668,0.6344827586206897,1.0271317829457365
13:5,13,2,Brentford,BRE,Aston Villa,AVL,H,3,1,0,1,1.21,1.19,0.020000000000000018,1,3,2,3,1.3616666666666666,0.7986798679867986,1.1134453781512608
13:2,13,2,Aston Villa,AVL,Brentford,BRE,A,3,0,1,-1,1.19,1.21,-0.020000000000000018,4,3,4,3,1.1466666666666667,1.0577777777777777,1.0413223140495869
14:3,14,2,Burnley,BUR,Sunderland,SUN,H,2,2,0,2,1.0,0.77,0.22999999999999998,1,3,1,1,1.2699999999999998,1.1560693641618498,2.5974025974025974
14:17,14,2,Sunderland,SUN,Burnley,BUR,A,2,0,2,-2,0.77,1.0,-0.22999999999999998,5,3,4,3,1.2383333333333333,0.8850574712643678,1.365
11:1,11,2,Arsenal,ARS,Leeds,LEE,H,2,5,0,5,2.88,0.17,2.71,1,1,1,1,1.3316666666666668,1.6317280453257788,3.323529411764705
11:11,11,2,Leeds,LEE,Arsenal,ARS,A,5,0,5,-5,0.17,2.88,-2.71,5,5,5,5,1.468333333333333,0.11846689895470383,0.4513888888888889
15:8,15,2,Crystal Palace,CRY,Nott'm Forest,NFO,H,3,1,1,0,1.1,0.93,0.17000000000000004,2,3,2,3,1.2233333333333334,0.707395498392283,1.489247311827957
15:16,15,2,Nott'm Forest,NFO,Crystal Palace,CRY,A,3,1,1,0,0.93,1.1,-0.17000000000000004,2,3,2,3,1.4183333333333332,0.8454545454545455,1.3272727272727272
16:9,16,2,Everton,EVE,Brighton,BHA,H,3,2,0,2,1.6,2.43,-0.8300000000000001,1,4,1,4,1.2466666666666666,1.5023474178403757,0.5925925925925926
16:6,16,2,Brighton,BHA,Everton,EVE,A,3,0,2,-2,2.43,1.6,0.8300000000000001,5,2,5,2,1.36,1.6816608996539795,0.7374999999999999
17:10,17,2,Fulham,FUL,Man Utd,MUN,H,3,1,1,0,1.76,1.63,0.13000000000000012,2,3,3,2,1.24,1.57847533632287,0.8680981595092025
17:14,17,2,Man Utd,MUN,Fulham,FUL,A,3,1,1,0,1.63,1.76,-0.13000000000000012,2,3,3,4,1.3666666666666665,1.0516129032258064,0.6505681818181819
19:15,19,2,Newcastle,NEW,Liverpool,LIV,H,3,2,3,-1,0.98,0.69,0.29000000000000004,4,2,3,3,1.3516666666666666,0.6689419795221844,1.8985507246376814
19:12,19,2,Liverpool,LIV,Newcastle,NEW,A,3,3,2,1,0.69,0.98,-0.29000000000000004,1,4,2,4,1.4816666666666667,0.4408945686900958,1.076530612244898
23:7,23,3,Chelsea,CHE,Fulham,FUL,H,3,2,0,2,2.35,1.02,1.33,1,1,1,1,1.565357142857143,1.4373088685015292,1.2401960784313726
23:10,23,3,Fulham,FUL,Chelsea,CHE,A,3,0,2,-2,1.02,2.35,-1.33,5,5,5,5,1.305357142857143,0.9147982062780269,0.6021276595744681
26:14,26,3,Man Utd,MUN,Burnley,BUR,H,1,3,2,1,3.63,1.2,2.4299999999999997,1,1,1,1,1.395357142857143,2.3419354838709676,0.9541666666666667
26:3,26,3,Burnley,BUR,Man Utd,MUN,A,4,2,3,-1,1.2,3.63,-2.4299999999999997,4,5,2,5,1.2225000000000001,1.3872832369942196,0.5509641873278237
29:18,29,3,Spurs,TOT,Bournemouth,BOU,H,3,0,1,-1,0.19,1.59,-1.4000000000000001,4,5,3,5,1.4353571428571428,0.18446601941747573,0.8396226415094339
29:4,29,3,Bournemouth,BOU,Spurs,TOT,A,3,1,0,1,1.59,0.19,1.4000000000000001,1,1,1,1,1.3725000000000003,0.99375,7.052631578947369
28:17,28,3,Sunderland,SUN,Brentford,BRE,H,3,2,1,1,1.54,1.2,0.3400000000000001,1,2,1,1,1.1625,1.7701149425287357,1.1375
28:5,28,3,Brentford,BRE,Sunderland,SUN,A,3,1,2,-1,1.2,1.54,-0.3400000000000001,4,4,4,4,1.3310714285714287,0.792079207920792,0.8603896103896105
30:20,30,3,Wolves,WOL,Everton,EVE,H,3,2,3,-1,1.11,1.93,-0.8199999999999998,4,4,2,4,1.0910714285714287,1.5310344827586209,0.6865284974093265
30:9,30,3,Everton,EVE,Wolves,WOL,A,2,3,2,1,1.93,1.11,0.8199999999999998,1,2,1,1,1.288214285714286,1.812206572769953,1.2972972972972971
24:11,24,3,Leeds,LEE,Newcastle,NEW,H,3,0,0,0,0.69,0.46,0.22999999999999993,2,3,2,3,1.2739285714285715,0.48083623693379784,2.8260869565217392
24:15,24,3,Newcastle,NEW,Leeds,LEE,A,3,0,0,0,0.46,0.69,-0.22999999999999993,2,3,2,4,1.289642857142857,0.3139931740614335,1.8985507246376814
22:6,22,3,Brighton,BHA,Man City,MCI,H,4,2,1,1,2.3,1.82,0.47999999999999976,1,2,2,2,1.5039285714285715,1.5916955017301038,0.6483516483516483
22:13,22,3,Man City,MCI,Brighton,BHA,A,4,1,2,-1,1.82,2.3,-0.47999999999999976,4,4,5,5,1.5196428571428573,0.9032258064516131,0.42608695652173917
27:16,27,3,Nott'm Forest,NFO,West Ham,WHU,H,2,0,3,-3,0.73,2.42,-1.69,5,5,5,5,1.3396428571428574,0.6636363636363636,0.6033057851239669
27:19,27,3,West Ham,WHU,Nott'm Forest,NFO,A,3,3,0,3,2.42,0.73,1.69,1,1,1,1,1.1296428571428572,2.4079601990049753,1.9794520547945205
25:12,25,3,Liverpool,LIV,Arsenal,ARS,H,4,1,0,1,0.52,0.49,0.030000000000000027,1,3,2,4,1.3596428571428572,0.3322683706070288,2.153061224489796
25:1,25,3,Arsenal,ARS,Liverpool,LIV,A,4,0,1,-1,0.49,0.52,-0.030000000000000027,4,3,5,5,1.5439285714285715,0.27762039660056653,1.0865384615384615
21:2,21,3,Aston Villa,AVL,Crystal Palace,CRY,H,3,0,3,-3,1.14,2.65,-1.51,5,5,5,5,1.1439285714285714,1.0133333333333332,0.47547169811320755
21:8,21,3,Crystal Palace,CRY,Aston Villa,AVL,A,4,3,0,3,2.65,1.14,1.51,1,1,1,1,1.1967857142857146,1.7041800643086815,1.2149122807017545
31:1,31,4,Arsenal,ARS,Nott'm Forest,NFO,H,3,3,0,3,1.84,0.2,1.6400000000000001,1,1,1,2,1.4383333333333335,1.0424929178470255,2.8249999999999997
31:16,31,4,Nott'm Forest,NFO,Arsenal,ARS,A,5,0,3,-3,0.2,1.84,-1.6400000000000001,5,5,5,5,1.2895833333333335,0.18181818181818182,0.7934782608695652
32:4,32,4,Bournemouth,BOU,Brighton,BHA,H,3,2,1,1,1.45,0.62,0.83,1,2,1,2,1.4258333333333335,0.9062499999999999,2.1612903225806455
32:6,32,4,Brighton,BHA,Bournemouth,BOU,A,4,1,2,-1,0.62,1.45,-0.83,4,4,4,5,1.6295833333333336,0.4290657439446367,0.8137931034482758
35:8,35,4,Crystal Palace,CRY,Sunderland,SUN,H,2,0,0,0,1.77,0.36,1.4100000000000001,2,1,2,1,1.4045833333333335,1.1382636655948553,3.8472222222222223
35:17,35,4,Sunderland,SUN,Crystal Palace,CRY,A,3,0,0,0,0.36,1.77,-1.4100000000000001,2,5,2,5,1.2358333333333336,0.41379310344827586,0.771186440677966
36:9,36,4,Everton,EVE,Aston Villa,AVL,H,3,0,0,0,2.08,0.54,1.54,2,1,2,1,1.3945833333333335,1.9530516431924885,2.6666666666666665
36:2,36,4,Aston Villa,AVL,Everton,EVE,A,3,0,0,0,0.54,2.08,-1.54,2,5,3,5,1.1695833333333334,0.48000000000000004,0.6057692307692307
37:10,37,4,Fulham,FUL,Leeds,LEE,H,2,1,0,1,0.85,0.79,0.05999999999999994,1,3,1,2,1.2958333333333334,0.7623318385650224,1.7911392405063291
37:11,37,4,Leeds,LEE,Fulham,FUL,A,3,0,1,-1,0.79,0.85,-0.05999999999999994,4,3,4,3,1.2270833333333335,0.5505226480836237,1.5294117647058825
39:15,39,4,Newcastle,NEW,Wolves,WOL,H,1,1,0,1,1.55,0.5,1.05,1,1,1,1,1.2120833333333336,1.0580204778156999,2.62
39:20,39,4,Wolves,WOL,Newcastle,NEW,A,3,0,1,-1,0.5,1.55,-1.05,4,5,3,4,1.1195833333333334,0.6896551724137931,0.8548387096774195
40:19,40,4,West Ham,WHU,Spurs,TOT,H,3,0,3,-3,0.6,1.29,-0.6900000000000001,5,4,5,3,1.3170833333333336,0.5970149253731344,1.1201550387596897
40:18,40,4,Spurs,TOT,West Ham,WHU,A,3,3,0,3,1.29,0.6,0.6900000000000001,1,2,1,1,1.3058333333333334,1.2524271844660195,2.225
33:5,33,4,Brentford,BRE,Chelsea,CHE,H,3,2,2,0,1.43,1.25,0.17999999999999994,2,3,2,3,1.3408333333333335,0.9438943894389438,1.06
33:7,33,4,Chelsea,CHE,Brentford,BRE,A,3,2,2,0,1.25,1.43,-0.17999999999999994,2,3,2,3,1.6895833333333334,0.764525993883792,0.8846153846153847
34:3,34,4,Burnley,BUR,Liverpool,LIV,H,3,0,1,-1,0.13,2.65,-2.52,4,5,2,5,1.2458333333333336,0.15028901734104047,0.7547169811320755
34:12,34,4,Liverpool,LIV,Burnley,BUR,A,2,1,0,1,2.65,0.13,2.52,1,1,2,1,1.2808333333333335,1.6932907348242812,8.115384615384617
38:13,38,4,Man City,MCI,Man Utd,MUN,H,3,3,0,3,2.63,1.52,1.1099999999999999,1,1,1,3,1.5833333333333335,1.305210918114144,0.6447368421052632
38:14,38,4,Man Utd,MUN,Man City,MCI,A,5,0,3,-3,1.52,2.63,-1.1099999999999999,5,5,5,5,1.7008333333333334,0.9806451612903225,0.435361216730038
46:12,46,5,Liverpool,LIV,Everton,EVE,H,3,2,1,1,0.9,0.7,0.20000000000000007,1,3,2,3,1.4103472222222224,0.5750798722044729,1.5071428571428576
46:9,46,5,Everton,EVE,Liverpool,LIV,A,4,1,2,-1,0.7,0.9,-0.20000000000000007,4,3,4,3,1.448125,0.6572769953051643,1.5999999999999999
43:6,43,5,Brighton,BHA,Spurs,TOT,H,3,2,2,0,1.32,1.22,0.10000000000000009,2,3,2,3,1.494791666666667,0.9134948096885814,0.9672131147540983
43:18,43,5,Spurs,TOT,Brighton,BHA,A,4,2,2,0,1.22,1.32,-0.10000000000000009,2,3,2,3,1.2814583333333336,1.1844660194174756,1.0113636363636362
44:3,44,5,Burnley,BUR,Nott'm Forest,NFO,H,3,1,1,0,0.85,1.1,-0.2500000000000001,2,3,1,1,1.0992361111111113,0.9826589595375722,1.8181818181818181
44:16,44,5,Nott'm Forest,NFO,Burnley,BUR,A,2,1,1,0,1.1,0.85,0.2500000000000001,2,3,2,2,1.1459027777777782,1.0,1.7176470588235293
49:19,49,5,West Ham,WHU,Crystal Palace,CRY,H,3,1,2,-1,0.66,2.31,-1.65,4,5,3,5,1.2147916666666667,0.6567164179104479,0.6255411255411255
49:8,49,5,Crystal Palace,CRY,West Ham,WHU,A,3,2,1,1,2.31,0.66,1.65,1,1,1,1,1.4225694444444446,1.485530546623794,2.0984848484848486
50:20,50,5,Wolves,WOL,Leeds,LEE,H,2,1,3,-2,1.78,0.48,1.3,5,1,4,1,1.0281250000000002,2.4551724137931035,2.760416666666667
50:11,50,5,Leeds,LEE,Wolves,WOL,A,2,3,1,2,0.48,1.78,-1.3,1,5,1,4,1.155902777777778,0.33449477351916374,0.7303370786516854
47:14,47,5,Man Utd,MUN,Chelsea,CHE,H,3,2,1,1,1.84,0.43,1.4100000000000001,1,1,2,2,1.658125,1.1870967741935483,2.662790697674419
47:7,47,5,Chelsea,CHE,Man Utd,MUN,A,4,1,2,-1,0.43,1.84,-1.4100000000000001,4,5,4,5,1.618125,0.26299694189602446,0.6875
45:10,45,5,Fulham,FUL,Brentford,BRE,H,3,3,1,2,1.01,0.6,0.41000000000000003,1,2,1,1,1.2236805555555559,0.9058295964125561,2.3583333333333334
45:5,45,5,Brentford,BRE,Fulham,FUL,A,3,1,3,-2,0.6,1.01,-0.41000000000000003,5,4,4,4,1.3281250000000002,0.396039603960396,1.311881188118812
42:4,42,5,Bournemouth,BOU,Newcastle,NEW,H,3,0,0,0,0.46,0.14,0.32,2,2,2,3,1.4059027777777782,0.2875,9.571428571428571
42:15,42,5,Newcastle,NEW,Bournemouth,BOU,A,4,0,0,0,0.14,0.46,-0.32,2,4,3,4,1.227013888888889,0.09556313993174063,2.847826086956522
48:17,48,5,Sunderland,SUN,Aston Villa,AVL,H,3,1,1,0,1.04,0.78,0.26,2,3,2,2,1.115902777777778,1.1954022988505748,1.75
48:2,48,5,Aston Villa,AVL,Sunderland,SUN,A,3,1,1,0,0.78,1.04,-0.26,2,3,3,3,1.0770138888888892,0.6933333333333334,1.2115384615384615
41:1,41,5,Arsenal,ARS,Man City,MCI,H,4,1,1,0,0.89,0.87,0.020000000000000018,2,3,4,4,1.4603472222222225,0.5042492917847026,0.6494252873563218
41:13,41,5,Man City,MCI,Arsenal,ARS,A,5,1,1,0,0.87,0.89,-0.020000000000000018,2,3,4,4,1.6770138888888892,0.43176178660049636,1.101123595505618
52:5,52,6,Brentford,BRE,Man Utd,MUN,H,3,3,1,2,2.02,2.08,-0.06000000000000005,1,3,1,3,1.2197500000000001,1.3333333333333333,0.6370192307692308
52:14,52,6,Man Utd,MUN,Brentford,BRE,A,3,1,3,-2,2.08,2.02,0.06000000000000005,5,3,5,3,1.64075,1.3419354838709678,0.5668316831683168
53:7,53,6,Chelsea,CHE,Brighton,BHA,H,3,1,3,-2,1.81,2.28,-0.46999999999999975,5,4,5,4,1.46375,1.107033639143731,0.5548245614035089
53:6,53,6,Brighton,BHA,Chelsea,CHE,A,3,3,1,2,2.28,1.81,0.46999999999999975,1,2,1,2,1.4417500000000003,1.5778546712802768,0.6519337016574586
54:8,54,6,Crystal Palace,CRY,Liverpool,LIV,H,3,2,1,1,2.92,2.14,0.7799999999999998,1,2,1,2,1.4757500000000001,1.8778135048231508,0.647196261682243
54:12,54,6,Liverpool,LIV,Crystal Palace,CRY,A,3,1,2,-1,2.14,2.92,-0.7799999999999998,4,4,4,5,1.3237500000000002,1.36741214057508,0.36130136986301375
56:11,56,6,Leeds,LEE,Bournemouth,BOU,H,3,2,2,0,1.84,0.82,1.02,3,2,2,2,1.05275,1.2822299651567943,1.5853658536585367
56:4,56,6,Bournemouth,BOU,Leeds,LEE,A,3,2,2,0,0.82,1.84,-1.02,3,4,2,4,1.2757500000000002,0.5125,0.7282608695652174
57:13,57,6,Man City,MCI,Burnley,BUR,H,1,5,1,4,2.03,0.41,1.6199999999999999,1,1,1,1,1.56075,1.0074441687344913,2.3902439024390243
57:3,57,6,Burnley,BUR,Man City,MCI,A,5,1,5,-4,0.41,2.03,-1.6199999999999999,5,5,5,4,1.03875,0.47398843930635837,0.9852216748768474
59:16,59,6,Nott'm Forest,NFO,Sunderland,SUN,H,2,0,1,-1,1.68,1.66,0.020000000000000018,4,3,3,2,1.1057500000000002,1.5272727272727271,0.8795180722891567
59:17,59,6,Sunderland,SUN,Nott'm Forest,NFO,A,3,1,0,1,1.66,1.68,-0.020000000000000018,2,3,1,2,1.0727500000000003,1.9080459770114941,0.8125
60:18,60,6,Spurs,TOT,Wolves,WOL,H,1,1,1,0,0.87,1.15,-0.2799999999999999,3,4,2,3,1.2397500000000001,0.8446601941747572,1.1608695652173913
60:20,60,6,Wolves,WOL,Spurs,TOT,A,3,1,1,0,1.15,0.87,0.2799999999999999,3,2,1,1,1.0677500000000002,1.586206896551724,1.5229885057471266
51:2,51,6,Aston Villa,AVL,Fulham,FUL,H,3,3,1,2,1.11,0.92,0.19000000000000006,1,3,1,2,1.0117500000000001,0.9866666666666668,1.3695652173913042
51:10,51,6,Fulham,FUL,Aston Villa,AVL,A,4,1,3,-2,0.92,1.11,-0.19000000000000006,5,3,5,3,1.16675,0.8251121076233184,1.2747747747747746
58:15,58,6,Newcastle,NEW,Arsenal,ARS,H,4,1,2,-1,0.61,2.04,-1.4300000000000002,4,5,3,5,1.08275,0.416382252559727,0.6421568627450981
58:1,58,6,Arsenal,ARS,Newcastle,NEW,A,3,2,1,1,2.04,0.61,1.4300000000000002,2,1,2,2,1.3677500000000002,1.1558073654390935,0.9262295081967212
55:9,55,6,Everton,EVE,West Ham,WHU,H,2,1,1,0,0.73,1.19,-0.45999999999999996,3,4,2,3,1.3377500000000002,0.6854460093896714,1.2100840336134453
55:19,55,6,West Ham,WHU,Everton,EVE,A,3,1,1,0,1.19,0.73,0.45999999999999996,3,2,2,2,1.12375,1.18407960199005,1.9794520547945205
63:4,63,7,Bournemouth,BOU,Fulham,FUL,H,3,3,1,2,1.12,0.88,0.2400000000000001,1,3,1,3,1.2541666666666667,0.7000000000000001,1.5227272727272727
63:10,63,7,Fulham,FUL,Bournemouth,BOU,A,4,1,3,-2,0.88,1.12,-0.2400000000000001,5,3,5,3,1.1641666666666666,0.789237668161435,1.263392857142857
67:11,67,7,Leeds,LEE,Spurs,TOT,H,3,1,2,-1,1.68,0.53,1.15,4,1,4,2,1.1441666666666668,1.170731707317073,2.452830188679245
67:18,67,7,Spurs,TOT,Leeds,LEE,A,3,2,1,1,0.53,1.68,-1.15,2,5,1,4,1.2259848484848486,0.5145631067961165,0.7946428571428572
61:1,61,7,Arsenal,ARS,West Ham,WHU,H,2,2,0,2,2.77,0.49,2.2800000000000002,1,1,2,1,1.4487121212121212,1.5694050991501416,1.1530612244897958
61:19,61,7,West Ham,WHU,Arsenal,ARS,A,5,0,2,-2,0.49,2.77,-2.2800000000000002,5,5,4,5,1.1496212121212122,0.4875621890547264,0.5216606498194946
68:14,68,7,Man Utd,MUN,Sunderland,SUN,H,2,2,0,2,1.84,0.71,1.1300000000000001,1,1,1,2,1.7005303030303027,1.1870967741935483,1.6126760563380282
68:17,68,7,Sunderland,SUN,Man Utd,MUN,A,4,0,2,-2,0.71,1.84,-1.1300000000000001,5,5,5,4,1.1459848484848485,0.8160919540229885,0.7418478260869564
65:7,65,7,Chelsea,CHE,Liverpool,LIV,H,3,2,1,1,1.0,1.95,-0.95,2,4,2,5,1.5150757575757574,0.6116207951070336,0.6487179487179487
65:12,65,7,Liverpool,LIV,Chelsea,CHE,A,3,1,2,-1,1.95,1.0,0.95,4,2,4,2,1.4178030303030305,1.2460063897763578,1.0550000000000002
62:2,62,7,Aston Villa,AVL,Burnley,BUR,H,1,2,1,1,1.16,0.4,0.7599999999999999,2,2,1,1,1.040530303030303,1.031111111111111,3.15
62:3,62,7,Burnley,BUR,Aston Villa,AVL,A,4,1,2,-1,0.4,1.16,-0.7599999999999999,4,4,3,2,1.001439393939394,0.46242774566473993,1.7241379310344829
66:9,66,7,Everton,EVE,Crystal Palace,CRY,H,3,2,1,1,2.03,1.53,0.4999999999999998,2,2,1,2,1.302348484848485,1.9061032863849765,0.9411764705882353
66:8,66,7,Crystal Palace,CRY,Everton,EVE,A,3,1,2,-1,1.53,2.03,-0.4999999999999998,4,4,4,4,1.6268939393939397,0.9839228295819935,0.6822660098522169
69:15,69,7,Newcastle,NEW,Nott'm Forest,NFO,H,3,2,0,2,3.45,0.3,3.1500000000000004,1,1,1,1,1.059621212121212,2.3549488054607512,4.366666666666667
69:16,69,7,Nott'm Forest,NFO,Newcastle,NEW,A,3,0,2,-2,0.3,3.45,-3.1500000000000004,5,5,4,5,1.1778030303030305,0.2727272727272727,0.42318840579710143
70:20,70,7,Wolves,WOL,Brighton,BHA,H,3,1,1,0,0.56,0.92,-0.36,3,4,1,3,1.0950757575757577,0.7724137931034484,1.440217391304348
70:6,70,7,Brighton,BHA,Wolves,WOL,A,2,1,1,0,0.92,0.56,0.36,3,2,3,3,1.5378030303030301,0.6366782006920416,2.1071428571428568
64:5,64,7,Brentford,BRE,Man City,MCI,H,4,0,1,-1,0.7,0.85,-0.15000000000000002,4,3,4,4,1.3123484848484848,0.462046204620462,1.558823529411765
64:13,64,7,Man City,MCI,Brentford,BRE,A,3,1,0,1,0.85,0.7,0.15000000000000002,2,3,2,4,1.6232575757575758,0.42183622828784123,1.4000000000000001
77:16,77,8,Nott'm Forest,NFO,Chelsea,CHE,H,3,0,3,-3,2.35,1.67,0.6800000000000002,5,2,5,1,1.1014583333333334,2.1363636363636362,0.874251497005988
77:7,77,8,Chelsea,CHE,Nott'm Forest,NFO,A,3,3,0,3,1.67,2.35,-0.6800000000000002,1,4,1,4,1.4689583333333334,1.0214067278287462,0.5382978723404256
71:6,71,8,Brighton,BHA,Newcastle,NEW,H,3,2,1,1,0.91,1.45,-0.5399999999999999,2,4,2,4,1.483125,0.6297577854671281,0.8137931034482758
71:15,71,8,Newcastle,NEW,Brighton,BHA,A,4,1,2,-1,1.45,0.91,0.5399999999999999,4,2,4,3,1.2556250000000002,0.9897610921501707,1.4395604395604396
72:3,72,8,Burnley,BUR,Leeds,LEE,H,2,2,0,2,0.45,2.63,-2.1799999999999997,1,5,1,5,0.9481250000000001,0.5202312138728324,0.7604562737642586
72:11,72,8,Leeds,LEE,Burnley,BUR,A,2,0,2,-2,2.63,0.45,2.1799999999999997,5,1,5,1,1.1856250000000002,1.832752613240418,2.888888888888889
73:8,73,8,Crystal Palace,CRY,Bournemouth,BOU,H,3,3,3,0,4.44,2.03,2.4100000000000006,3,1,2,1,1.6156250000000003,2.855305466237942,0.6822660098522169
73:4,73,8,Bournemouth,BOU,Crystal Palace,CRY,A,3,3,3,0,2.03,4.44,-2.4100000000000006,3,5,2,5,1.2397916666666668,1.2687499999999998,0.3018018018018018
76:13,76,8,Man City,MCI,Everton,EVE,H,3,2,0,2,2.38,0.81,1.5699999999999998,1,1,2,1,1.555625,1.1811414392059554,1.2098765432098764
76:9,76,8,Everton,EVE,Man City,MCI,A,5,0,2,-2,0.81,2.38,-1.5699999999999998,5,5,5,5,1.359791666666667,0.7605633802816902,0.6050420168067226
78:17,78,8,Sunderland,SUN,Wolves,WOL,H,1,2,0,2,0.65,0.83,-0.17999999999999994,1,3,1,2,1.1064583333333335,0.7471264367816092,1.644578313253012
78:20,78,8,Wolves,WOL,Sunderland,SUN,A,3,0,2,-2,0.83,0.65,0.17999999999999994,5,3,4,2,1.047291666666667,1.1448275862068966,2.0384615384615388
74:10,74,8,Fulham,FUL,Arsenal,ARS,H,4,0,1,-1,0.44,1.87,-1.4300000000000002,4,5,3,5,1.1372916666666668,0.3946188340807175,0.7566844919786097
74:1,74,8,Arsenal,ARS,Fulham,FUL,A,3,1,0,1,1.87,0.44,1.4300000000000002,2,1,2,2,1.555625,1.0594900849858357,1.284090909090909
79:18,79,8,Spurs,TOT,Aston Villa,AVL,H,3,1,2,-1,0.75,0.32,0.43,4,2,3,2,1.164791666666667,0.7281553398058253,4.171875
79:2,79,8,Aston Villa,AVL,Spurs,TOT,A,3,2,1,1,0.32,0.75,-0.43,2,4,1,4,1.047291666666667,0.28444444444444444,1.68
75:12,75,8,Liverpool,LIV,Man Utd,MUN,H,3,1,2,-1,2.75,1.34,1.41,4,1,4,1,1.4589583333333334,1.7571884984025559,0.787313432835821
75:14,75,8,Man Utd,MUN,Liverpool,LIV,A,4,2,1,1,1.34,2.75,-1.41,2,5,2,5,1.7089583333333334,0.864516129032258,0.4163636363636364
80:19,80,8,West Ham,WHU,Brentford,BRE,H,3,0,2,-2,0.35,2.37,-2.02,5,5,4,5,1.0914583333333334,0.3482587064676617,0.6097046413502109
80:5,80,8,Brentford,BRE,West Ham,WHU,A,3,2,0,2,2.37,0.35,2.02,1,1,1,1,1.258125,1.5643564356435642,3.7857142857142865
87:11,87,9,Leeds,LEE,West Ham,WHU,H,2,2,1,1,1.49,0.65,0.84,2,2,1,2,1.30875,1.038327526132404,2.0
87:19,87,9,West Ham,WHU,Leeds,LEE,A,3,1,2,-1,0.65,1.49,-0.84,4,4,3,4,1.0464423076923077,0.6467661691542289,0.9697986577181207
85:7,85,9,Chelsea,CHE,Sunderland,SUN,H,2,1,2,-1,0.89,1.31,-0.42000000000000004,4,4,4,4,1.4964423076923077,0.5443425076452599,0.9656488549618322
85:17,85,9,Sunderland,SUN,Chelsea,CHE,A,3,2,1,1,1.31,0.89,0.42000000000000004,2,2,1,1,1.0833653846153846,1.5057471264367817,1.5337078651685392
89:15,89,9,Newcastle,NEW,Fulham,FUL,H,3,2,1,1,2.14,1.53,0.6100000000000001,2,2,1,2,1.2825961538461537,1.460750853242321,0.8562091503267975
89:10,89,9,Fulham,FUL,Newcastle,NEW,A,3,1,2,-1,1.53,2.14,-0.6100000000000001,4,4,4,4,1.095673076923077,1.3721973094170403,0.661214953271028
88:14,88,9,Man Utd,MUN,Brighton,BHA,H,3,4,2,2,1.29,1.12,0.16999999999999993,1,3,1,3,1.6925961538461536,0.832258064516129,1.0223214285714284
88:6,88,9,Brighton,BHA,Man Utd,MUN,A,4,2,4,-2,1.12,1.29,-0.16999999999999993,5,3,5,3,1.4510576923076923,0.7750865051903115,0.9147286821705426
84:5,84,9,Brentford,BRE,Liverpool,LIV,H,3,3,2,1,2.75,2.3,0.4500000000000002,2,2,2,2,1.355673076923077,1.815181518151815,0.5760869565217392
84:12,84,9,Liverpool,LIV,Brentford,BRE,A,3,2,3,-1,2.3,2.75,-0.4500000000000002,4,4,4,4,1.5702884615384616,1.4696485623003195,0.3836363636363637
81:1,81,9,Arsenal,ARS,Crystal Palace,CRY,H,3,1,0,1,0.92,0.45,0.47000000000000003,2,2,2,4,1.591826923076923,0.5212464589235127,1.2555555555555553
81:8,81,9,Crystal Palace,CRY,Arsenal,ARS,A,5,0,1,-1,0.45,0.92,-0.47000000000000003,4,4,4,4,1.8449038461538463,0.28938906752411575,1.5054347826086956
82:2,82,9,Aston Villa,AVL,Man City,MCI,H,4,1,0,1,0.81,1.18,-0.3699999999999999,2,4,2,4,1.0033653846153845,0.7200000000000001,1.0677966101694916
82:13,82,9,Man City,MCI,Aston Villa,AVL,A,4,0,1,-1,1.18,0.81,0.3699999999999999,4,2,5,4,1.6310576923076923,0.5856079404466502,1.2098765432098764
83:4,83,9,Bournemouth,BOU,Nott'm Forest,NFO,H,3,2,0,2,0.58,0.37,0.20999999999999996,1,3,1,3,1.3125961538461537,0.36249999999999993,3.621621621621622
83:16,83,9,Nott'm Forest,NFO,Bournemouth,BOU,A,4,0,2,-2,0.37,0.58,-0.20999999999999996,5,3,4,3,1.2095192307692308,0.3363636363636363,2.5172413793103448
90:20,90,9,Wolves,WOL,Burnley,BUR,H,1,2,3,-1,2.28,1.43,0.8499999999999999,4,2,3,1,1.042596153846154,3.144827586206896,0.9265734265734268
90:3,90,9,Burnley,BUR,Wolves,WOL,A,2,3,2,1,1.43,2.28,-0.8499999999999999,2,4,1,2,0.9218269230769232,1.653179190751445,0.8771929824561404
86:9,86,9,Everton,EVE,Spurs,TOT,H,3,0,3,-3,1.74,1.72,0.020000000000000018,5,3,5,2,1.3295192307692305,1.6338028169014085,0.8372093023255813
86:18,86,9,Spurs,TOT,Everton,EVE,A,3,3,0,3,1.72,1.74,-0.020000000000000018,1,3,1,2,1.1449038461538463,1.6699029126213591,0.7672413793103449
91:6,91,10,Brighton,BHA,Leeds,LEE,H,2,3,0,3,3.07,0.5,2.57,1,1,1,1,1.4284722222222221,2.124567474048443,2.36
91:11,91,10,Leeds,LEE,Brighton,BHA,A,4,0,3,-3,0.5,3.07,-2.57,5,5,5,5,1.3227579365079367,0.3484320557491289,0.4234527687296417
92:3,92,10,Burnley,BUR,Arsenal,ARS,H,4,0,2,-2,0.42,2.42,-2.0,5,5,4,4,0.9591865079365078,0.48554913294797686,0.8264462809917356
92:1,92,10,Arsenal,ARS,Burnley,BUR,A,2,2,0,2,2.42,0.42,2.0,1,1,2,1,1.5449007936507937,1.3711048158640224,1.3452380952380951
93:8,93,10,Crystal Palace,CRY,Brentford,BRE,H,3,2,0,2,0.7,0.54,0.15999999999999992,1,3,1,3,1.746329365079365,0.45016077170418,2.564814814814815
93:5,93,10,Brentford,BRE,Crystal Palace,CRY,A,3,0,2,-2,0.54,0.7,-0.15999999999999992,5,3,5,4,1.456329365079365,0.3564356435643564,1.8928571428571432
94:10,94,10,Fulham,FUL,Wolves,WOL,H,1,3,0,3,1.39,0.24,1.15,1,1,1,1,1.1277579365079364,1.2466367713004483,5.895833333333334
94:20,94,10,Wolves,WOL,Fulham,FUL,A,3,0,3,-3,0.24,1.39,-1.15,5,5,5,4,1.1320436507936509,0.3310344827586207,0.9532374100719426
97:16,97,10,Nott'm Forest,NFO,Man Utd,MUN,H,3,2,2,0,1.93,1.12,0.8099999999999998,3,2,2,1,1.1506150793650793,1.7545454545454544,1.3035714285714284
97:14,97,10,Man Utd,MUN,Nott'm Forest,NFO,A,3,2,2,0,1.12,1.93,-0.8099999999999998,3,4,3,5,1.6649007936507936,0.7225806451612904,0.5932642487046632
99:18,99,10,Spurs,TOT,Chelsea,CHE,H,3,0,1,-1,0.1,3.68,-3.58,4,5,4,5,1.187043650793651,0.0970873786407767,0.36277173913043476
99:7,99,10,Chelsea,CHE,Spurs,TOT,A,3,1,0,1,3.68,0.1,3.58,2,1,2,1,1.4541865079365077,2.2507645259938838,12.65
95:12,95,10,Liverpool,LIV,Aston Villa,AVL,H,3,2,0,2,1.19,0.41,0.78,1,2,1,2,1.6234722222222222,0.7603833865814696,2.5731707317073176
95:2,95,10,Aston Villa,AVL,Liverpool,LIV,A,4,0,2,-2,0.41,1.19,-0.78,5,4,5,4,0.9906150793650793,0.3644444444444444,1.0588235294117647
100:19,100,10,West Ham,WHU,Newcastle,NEW,H,3,3,1,2,1.75,0.52,1.23,1,1,1,1,1.019186507936508,1.7412935323383087,2.7788461538461533
100:15,100,10,Newcastle,NEW,West Ham,WHU,A,3,1,3,-2,0.52,1.75,-1.23,5,5,5,5,1.3449007936507937,0.3549488054607509,0.7485714285714286
96:13,96,10,Man City,MCI,Bournemouth,BOU,H,3,3,1,2,2.22,0.72,1.5000000000000002,1,1,2,2,1.5999007936507934,1.1017369727047148,1.3611111111111112
96:4,96,10,Bournemouth,BOU,Man City,MCI,A,5,1,3,-2,0.72,2.22,-1.5000000000000002,5,5,5,5,1.261329365079365,0.44999999999999996,0.6036036036036035
98:17,98,10,Sunderland,SUN,Everton,EVE,H,3,1,1,0,1.22,0.89,0.32999999999999996,3,2,3,2,1.1006150793650795,1.4022988505747127,1.5337078651685392
98:9,98,10,Everton,EVE,Sunderland,SUN,A,3,1,1,0,0.89,1.22,-0.32999999999999996,3,4,2,3,1.3599007936507934,0.835680751173709,1.180327868852459
109:18,109,11,Spurs,TOT,Man Utd,MUN,H,3,2,2,0,0.92,0.63,0.29000000000000004,3,2,2,2,1.1121666666666667,0.8932038834951457,2.119047619047619
109:14,109,11,Man Utd,MUN,Spurs,TOT,A,3,2,2,0,0.63,0.92,-0.29000000000000004,3,4,3,4,1.6261666666666665,0.4064516129032258,1.2445652173913042
105:9,105,11,Everton,EVE,Fulham,FUL,H,3,2,0,2,1.44,0.4,1.04,1,2,1,1,1.3261666666666665,1.352112676056338,3.5999999999999996
105:10,105,11,Fulham,FUL,Everton,EVE,A,3,0,2,-2,0.4,1.44,-1.04,5,4,5,5,1.1428333333333331,0.3587443946188341,0.982638888888889
110:19,110,11,West Ham,WHU,Burnley,BUR,H,1,3,2,1,3.02,1.06,1.96,2,1,1,1,1.0655,3.00497512437811,1.363207547169811
110:3,110,11,Burnley,BUR,West Ham,WHU,A,3,2,3,-1,1.06,3.02,-1.96,4,5,3,4,0.9208333333333333,1.2254335260115607,0.6622516556291391
108:17,108,11,Sunderland,SUN,Arsenal,ARS,H,4,2,2,0,0.44,1.91,-1.47,3,5,3,5,1.1061666666666667,0.5057471264367817,0.7146596858638744
108:1,108,11,Arsenal,ARS,Sunderland,SUN,A,3,2,2,0,1.91,0.44,1.47,3,1,4,2,1.6008333333333333,1.082152974504249,1.284090909090909
103:7,103,11,Chelsea,CHE,Wolves,WOL,H,1,3,0,3,3.31,0.17,3.14,1,1,1,1,1.6001666666666667,2.0244648318042815,7.4411764705882355
103:20,103,11,Wolves,WOL,Chelsea,CHE,A,3,0,3,-3,0.17,3.31,-3.14,5,5,5,5,1.0701666666666667,0.23448275862068968,0.40030211480362543
101:2,101,11,Aston Villa,AVL,Bournemouth,BOU,H,3,4,0,4,1.7,1.61,0.08999999999999986,1,3,1,3,0.9495,1.511111111111111,0.7826086956521738
101:4,101,11,Bournemouth,BOU,Aston Villa,AVL,A,4,0,4,-4,1.61,1.7,-0.08999999999999986,5,3,5,4,1.2228333333333334,1.00625,0.7882352941176471
102:5,102,11,Brentford,BRE,Newcastle,NEW,H,3,3,1,2,2.35,0.44,1.9100000000000001,1,1,1,1,1.3928333333333331,1.551155115511551,3.0113636363636367
102:15,102,11,Newcastle,NEW,Brentford,BRE,A,3,1,3,-2,0.44,2.35,-1.9100000000000001,5,5,5,5,1.2875,0.3003412969283277,0.5574468085106383
104:8,104,11,Crystal Palace,CRY,Brighton,BHA,H,3,0,0,0,0.75,0.39,0.36,3,2,2,3,1.6741666666666666,0.4823151125401929,3.551282051282051
104:6,104,11,Brighton,BHA,Crystal Palace,CRY,A,3,0,0,0,0.39,0.75,-0.36,3,4,3,4,1.5354999999999999,0.2698961937716263,1.5733333333333333
107:16,107,11,Nott'm Forest,NFO,Leeds,LEE,H,2,3,1,2,2.55,0.69,1.8599999999999999,1,1,1,1,1.2001666666666666,2.318181818181818,2.1159420289855073
107:11,107,11,Leeds,LEE,Nott'm Forest,NFO,A,3,1,3,-2,0.69,2.55,-1.8599999999999999,5,5,5,5,1.2655,0.48083623693379784,0.5098039215686275
106:13,106,11,Man City,MCI,Liverpool,LIV,H,3,3,0,3,1.51,0.61,0.9,1,2,1,3,1.6388333333333331,0.7493796526054591,1.6065573770491803
106:12,106,11,Liverpool,LIV,Man City,MCI,A,5,0,3,-3,0.61,1.51,-0.9,5,4,5,5,1.5921666666666667,0.38977635782747605,0.6986754966887418
114:3,114,12,Burnley,BUR,Chelsea,CHE,H,3,0,2,-2,0.44,1.72,-1.28,5,5,4,3,0.9289204545454546,0.5086705202312138,1.1627906976744187
114:7,114,12,Chelsea,CHE,Burnley,BUR,A,2,2,0,2,1.72,0.44,1.28,1,1,1,2,1.7064204545454547,1.0519877675840978,2.8750000000000004
112:4,112,12,Bournemouth,BOU,West Ham,WHU,H,2,2,2,0,4.05,0.65,3.4,3,1,3,1,1.2464204545454545,2.5312499999999996,2.0615384615384618
112:19,112,12,West Ham,WHU,Bournemouth,BOU,A,4,2,2,0,0.65,4.05,-3.4,3,5,2,5,1.1870454545454545,0.6467661691542289,0.3567901234567901
113:6,113,12,Brighton,BHA,Brentford,BRE,H,3,2,1,1,1.22,1.91,-0.69,2,4,2,5,1.4632954545454546,0.8442906574394464,0.6178010471204188
113:5,113,12,Brentford,BRE,Brighton,BHA,A,4,1,2,-1,1.91,1.22,0.69,4,2,4,2,1.4520454545454546,1.2607260726072607,1.086065573770492
115:10,115,12,Fulham,FUL,Sunderland,SUN,H,2,1,0,1,2.16,0.17,1.9900000000000002,2,1,1,1,1.0957954545454547,1.937219730941704,8.323529411764705
115:17,115,12,Sunderland,SUN,Fulham,FUL,A,3,0,1,-1,0.17,2.16,-1.9900000000000002,4,5,4,5,1.0639204545454546,0.19540229885057472,0.6319444444444444
117:12,117,12,Liverpool,LIV,Nott'm Forest,NFO,H,3,0,3,-3,1.93,1.58,0.34999999999999987,5,2,5,3,1.5301704545454546,1.233226837060703,0.6677215189873419
117:16,117,12,Nott'm Forest,NFO,Liverpool,LIV,A,4,3,0,3,1.58,1.93,-0.34999999999999987,1,4,1,3,1.2839204545454546,1.4363636363636363,0.7564766839378239
120:20,120,12,Wolves,WOL,Crystal Palace,CRY,H,3,0,2,-2,1.79,1.27,0.52,5,2,4,1,1.0132954545454547,2.4689655172413794,1.0433070866141734
120:8,120,12,Crystal Palace,CRY,Wolves,WOL,A,2,2,0,2,1.27,1.79,-0.52,1,4,1,4,1.6157954545454545,0.8167202572347266,0.7737430167597765
119:15,119,12,Newcastle,NEW,Man City,MCI,H,4,2,1,1,2.24,2.49,-0.25,2,3,2,4,1.2339204545454545,1.5290102389078501,0.5261044176706827
119:13,119,12,Man City,MCI,Newcastle,NEW,A,3,1,2,-1,2.49,2.24,0.25,4,3,5,4,1.6301704545454545,1.2357320099255586,0.43749999999999994
116:11,116,12,Leeds,LEE,Aston Villa,AVL,H,3,1,2,-1,1.79,1.58,0.20999999999999996,4,3,4,3,1.2289204545454546,1.2473867595818815,0.8227848101265822
116:2,116,12,Aston Villa,AVL,Leeds,LEE,A,3,2,1,1,1.58,1.79,-0.20999999999999996,2,3,2,3,0.9957954545454546,1.4044444444444446,0.7039106145251397
111:1,111,12,Arsenal,ARS,Spurs,TOT,H,3,4,1,3,1.93,0.07,1.8599999999999999,1,1,1,1,1.6195454545454546,1.093484419263456,8.07142857142857
111:18,111,12,Spurs,TOT,Arsenal,ARS,A,5,1,4,-3,0.07,1.93,-1.8599999999999999,5,5,5,5,1.0995454545454546,0.0679611650485437,0.6917098445595855
118:14,118,12,Man Utd,MUN,Everton,EVE,H,3,0,1,-1,1.71,0.21,1.5,4,1,5,1,1.5632954545454545,1.103225806451613,5.4523809523809526
118:9,118,12,Everton,EVE,Man Utd,MUN,A,4,1,0,1,0.21,1.71,-1.5,2,5,2,5,1.3326704545454546,0.1971830985915493,0.8421052631578947
122:5,122,13,Brentford,BRE,Burnley,BUR,H,1,3,1,2,3.06,0.95,2.1100000000000003,1,1,1,1,1.4846446078431375,2.01980198019802,1.3947368421052635
122:3,122,13,Burnley,BUR,Brentford,BRE,A,3,1,3,-2,0.95,3.06,-2.1100000000000003,5,5,4,5,0.9058210784313726,1.0982658959537572,0.6535947712418301
126:13,126,13,Man City,MCI,Leeds,LEE,H,2,3,2,1,3.1,1.54,1.56,2,1,2,1,1.6864093137254903,1.5384615384615388,0.6363636363636364
126:11,126,13,Leeds,LEE,Man City,MCI,A,5,2,3,-1,1.54,3.1,-1.56,4,5,4,5,1.2675857843137255,1.0731707317073171,0.41935483870967744
128:17,128,13,Sunderland,SUN,Bournemouth,BOU,H,3,3,2,1,1.28,1.7,-0.41999999999999993,2,4,1,3,1.0169975490196081,1.471264367816092,0.8029411764705883
128:4,128,13,Bournemouth,BOU,Sunderland,SUN,A,3,2,3,-1,1.7,1.28,0.41999999999999993,4,2,5,2,1.4169975490196078,1.0625,1.046875
125:9,125,13,Everton,EVE,Newcastle,NEW,H,3,1,4,-3,0.99,1.91,-0.9199999999999999,5,4,5,4,1.2722916666666668,0.9295774647887324,0.7539267015706806
125:15,125,13,Newcastle,NEW,Everton,EVE,A,3,4,1,3,1.91,0.99,0.9199999999999999,1,2,1,2,1.2987622549019608,1.3037542662116042,1.3232323232323233
129:18,129,13,Spurs,TOT,Fulham,FUL,H,3,1,2,-1,0.86,0.45,0.41,4,2,4,2,1.0446446078431375,0.8349514563106796,2.9666666666666663
129:10,129,13,Fulham,FUL,Spurs,TOT,A,3,2,1,1,0.45,0.86,-0.41,2,4,1,4,1.1640563725490198,0.40358744394618834,1.6453488372093024
124:8,124,13,Crystal Palace,CRY,Man Utd,MUN,H,3,1,2,-1,1.83,1.19,0.6400000000000001,4,2,4,2,1.6011151960784313,1.1768488745980707,1.1638655462184875
124:14,124,13,Man Utd,MUN,Crystal Palace,CRY,A,3,2,1,1,1.19,1.83,-0.6400000000000001,2,4,2,5,1.5775857843137255,0.7677419354838709,0.6256830601092896
121:2,121,13,Aston Villa,AVL,Wolves,WOL,H,1,1,0,1,0.94,0.49,0.44999999999999996,2,2,2,1,1.0358210784313726,0.8355555555555555,2.5714285714285716
121:20,121,13,Wolves,WOL,Aston Villa,AVL,A,4,0,1,-1,0.49,0.94,-0.44999999999999996,4,4,3,3,1.0646446078431373,0.6758620689655173,1.4095744680851066
127:16,127,13,Nott'm Forest,NFO,Brighton,BHA,H,3,0,2,-2,0.89,2.0,-1.1099999999999999,5,5,4,4,1.3069975490196077,0.8090909090909091,0.73
127:6,127,13,Brighton,BHA,Nott'm Forest,NFO,A,3,2,0,2,2.0,0.89,1.1099999999999999,1,1,1,1,1.4546446078431374,1.384083044982699,1.3258426966292134
130:19,130,13,West Ham,WHU,Liverpool,LIV,H,3,0,2,-2,0.29,1.24,-0.95,5,4,4,4,1.1611151960784316,0.2885572139303483,1.1653225806451613
130:12,130,13,Liverpool,LIV,West Ham,WHU,A,3,2,0,2,1.24,0.29,0.95,1,2,1,2,1.5593504901960786,0.792332268370607,3.6379310344827593
123:7,123,13,Chelsea,CHE,Arsenal,ARS,H,4,1,1,0,0.79,1.26,-0.47,3,4,3,4,1.7128799019607843,0.4831804281345566,1.003968253968254
123:1,123,13,Arsenal,ARS,Chelsea,CHE,A,3,1,1,0,1.26,0.79,0.47,3,2,4,4,1.643468137254902,0.7138810198300283,0.7151898734177214
132:4,132,14,Bournemouth,BOU,Everton,EVE,H,3,0,1,-1,0.57,1.35,-0.7800000000000001,4,4,5,4,1.432809829059829,0.35624999999999996,0.9925925925925926
132:9,132,14,Everton,EVE,Bournemouth,BOU,A,4,1,0,1,1.35,0.57,0.7800000000000001,2,2,2,1,1.2566987179487183,1.267605633802817,2.5263157894736845
135:10,135,14,Fulham,FUL,Man City,MCI,H,4,4,5,-1,0.9,2.21,-1.31,4,5,4,5,1.1244764957264959,0.8071748878923767,0.6402714932126697
135:13,135,14,Man City,MCI,Fulham,FUL,A,3,5,4,1,2.21,0.9,1.31,2,1,3,2,1.7650320512820514,1.0967741935483872,1.0888888888888888
139:15,139,14,Newcastle,NEW,Spurs,TOT,H,3,2,2,0,1.96,0.79,1.17,3,1,3,1,1.3328098290598291,1.3378839590443687,1.6582278481012658
139:18,139,14,Spurs,TOT,Newcastle,NEW,A,3,2,2,0,0.79,1.96,-1.17,3,5,2,4,1.034476495726496,0.7669902912621359,0.6811224489795918
131:1,131,14,Arsenal,ARS,Brentford,BRE,H,3,2,0,2,1.72,0.34,1.38,1,1,2,2,1.6222542735042738,0.9745042492917846,1.6617647058823526
131:5,131,14,Brentford,BRE,Arsenal,ARS,A,5,0,2,-2,0.34,1.72,-1.38,5,5,5,5,1.5722542735042735,0.22442244224422442,0.7703488372093025
133:6,133,14,Brighton,BHA,Aston Villa,AVL,H,3,3,4,-1,1.7,2.76,-1.0599999999999998,4,5,4,5,1.4850320512820514,1.1764705882352942,0.427536231884058
133:2,133,14,Aston Villa,AVL,Brighton,BHA,A,4,4,3,1,2.76,1.7,1.0599999999999998,2,1,2,1,1.030587606837607,2.453333333333333,0.7411764705882353
134:3,134,14,Burnley,BUR,Crystal Palace,CRY,H,3,0,1,-1,0.88,0.59,0.29000000000000004,4,2,3,1,0.9083653846153847,1.0173410404624277,3.3898305084745766
134:8,134,14,Crystal Palace,CRY,Burnley,BUR,A,2,1,0,1,0.59,0.88,-0.29000000000000004,2,4,1,4,1.61392094017094,0.3794212218649517,1.5738636363636365
140:20,140,14,Wolves,WOL,Nott'm Forest,NFO,H,3,0,1,-1,0.72,0.78,-0.06000000000000005,4,3,3,2,1.0328098290598293,0.993103448275862,1.698717948717949
140:16,140,14,Nott'm Forest,NFO,Wolves,WOL,A,2,1,0,1,0.78,0.72,0.06000000000000005,2,3,2,2,1.2839209401709402,0.7090909090909091,2.0277777777777777
136:11,136,14,Leeds,LEE,Chelsea,CHE,H,3,3,1,2,2.82,1.11,1.7099999999999997,1,1,1,1,1.282809829059829,1.965156794425087,1.1711711711711712
136:7,136,14,Chelsea,CHE,Leeds,LEE,A,3,1,3,-2,1.11,2.82,-1.7099999999999997,5,5,5,5,1.661698717948718,0.6788990825688074,0.448581560283688
137:12,137,14,Liverpool,LIV,Sunderland,SUN,H,2,1,1,0,1.46,0.42,1.04,3,2,3,2,1.541698717948718,0.9329073482428115,2.5119047619047623
137:17,137,14,Sunderland,SUN,Liverpool,LIV,A,4,1,1,0,0.42,1.46,-1.04,3,4,3,4,1.0316987179487183,0.48275862068965514,0.934931506849315
138:14,138,14,Man Utd,MUN,West Ham,WHU,H,2,1,1,0,1.8,0.79,1.01,3,2,4,2,1.5561431623931625,1.1612903225806452,1.4493670886075949
138:19,138,14,West Ham,WHU,Man Utd,MUN,A,4,1,1,0,0.79,1.8,-1.01,3,4,2,4,1.1128098290598292,0.7860696517412936,0.8027777777777777
141:2,141,15,Aston Villa,AVL,Arsenal,ARS,H,4,2,1,1,2.27,1.84,0.42999999999999994,2,2,2,2,1.1206578947368422,2.017777777777778,0.6847826086956521
141:1,141,15,Arsenal,ARS,Aston Villa,AVL,A,4,1,2,-1,1.84,2.27,-0.42999999999999994,4,4,5,5,1.6264473684210528,1.0424929178470255,0.24889867841409688
142:4,142,15,Bournemouth,BOU,Chelsea,CHE,H,3,0,0,0,1.37,0.88,0.4900000000000001,3,2,3,2,1.3864473684210528,0.8562500000000001,1.5227272727272727
142:7,142,15,Chelsea,CHE,Bournemouth,BOU,A,4,0,0,0,0.88,1.37,-0.4900000000000001,3,4,3,4,1.6317105263157896,0.5382262996941896,0.9233576642335767
144:9,144,15,Everton,EVE,Nott'm Forest,NFO,H,3,3,0,3,1.08,0.49,0.5900000000000001,1,2,1,1,1.2606578947368423,1.0140845070422537,2.938775510204082
144:16,144,15,Nott'm Forest,NFO,Everton,EVE,A,3,0,3,-3,0.49,1.08,-0.5900000000000001,5,4,5,4,1.2564473684210526,0.44545454545454544,1.3518518518518516
147:13,147,15,Man City,MCI,Sunderland,SUN,H,2,3,0,3,2.31,0.74,1.57,1,1,1,1,1.7875000000000003,1.1464019851116627,1.3243243243243243
147:17,147,15,Sunderland,SUN,Man City,MCI,A,5,0,3,-3,0.74,2.31,-1.57,5,5,5,5,0.9985526315789476,0.8505747126436781,0.5909090909090909
148:15,148,15,Newcastle,NEW,Burnley,BUR,H,1,2,1,1,1.89,1.61,0.2799999999999998,2,2,2,3,1.3648684210526318,1.2901023890784984,0.8136645962732919
148:3,148,15,Burnley,BUR,Newcastle,NEW,A,3,1,2,-1,1.61,1.89,-0.2799999999999998,4,4,3,1,0.9059210526315791,1.861271676300578,1.0582010582010584
149:18,149,15,Spurs,TOT,Brentford,BRE,H,3,2,0,2,2.15,0.29,1.8599999999999999,1,1,1,1,1.0206578947368423,2.087378640776699,4.603448275862069
149:5,149,15,Brentford,BRE,Spurs,TOT,A,3,0,2,-2,0.29,2.15,-1.8599999999999999,5,5,5,5,1.5064473684210526,0.19141914191419138,0.616279069767442
146:11,146,15,Leeds,LEE,Liverpool,LIV,H,3,3,3,0,1.51,1.81,-0.30000000000000004,3,4,2,4,1.362763157894737,1.0522648083623694,0.7182320441988951
146:12,146,15,Liverpool,LIV,Leeds,LEE,A,3,3,3,0,1.81,1.51,0.30000000000000004,3,2,3,3,1.5364473684210527,1.1565495207667733,0.6986754966887418
143:6,143,15,Brighton,BHA,West Ham,WHU,H,2,1,1,0,1.87,1.14,0.7300000000000002,3,2,3,2,1.4953947368421054,1.2941176470588238,1.0350877192982457
143:19,143,15,West Ham,WHU,Brighton,BHA,A,4,1,1,0,1.14,1.87,-0.7300000000000002,3,4,2,3,1.0948684210526316,1.1343283582089552,0.7727272727272726
145:10,145,15,Fulham,FUL,Crystal Palace,CRY,H,3,1,2,-1,0.79,1.65,-0.8599999999999999,4,4,4,4,1.1117105263157896,0.7085201793721974,0.8575757575757577
145:8,145,15,Crystal Palace,CRY,Fulham,FUL,A,3,2,1,1,1.65,0.79,0.8599999999999999,2,2,1,2,1.559078947368421,1.0610932475884243,1.7531645569620253
150:20,150,15,Wolves,WOL,Man Utd,MUN,H,3,1,4,-3,0.41,4.1,-3.6899999999999995,5,5,5,5,1.0153947368421055,0.5655172413793104,0.32317073170731714
150:14,150,15,Man Utd,MUN,Wolves,WOL,A,2,4,1,3,4.1,0.41,3.6899999999999995,1,1,1,1,1.5680263157894738,2.6451612903225805,2.7926829268292686
154:7,154,16,Chelsea,CHE,Everton,EVE,H,3,2,0,2,2.07,1.03,1.0399999999999998,1,2,1,2,1.5971166666666665,1.2660550458715596,1.2281553398058254
154:9,154,16,Everton,EVE,Chelsea,CHE,A,3,0,2,-2,1.03,2.07,-1.0399999999999998,5,4,5,4,1.2546166666666667,0.9671361502347419,0.6956521739130435
156:12,156,16,Liverpool,LIV,Brighton,BHA,H,3,2,0,2,1.89,1.9,-0.010000000000000009,1,3,1,4,1.5531166666666667,1.207667731629393,0.5552631578947369
156:6,156,16,Brighton,BHA,Liverpool,LIV,A,4,0,2,-2,1.9,1.89,0.010000000000000009,5,3,5,3,1.517116666666667,1.3148788927335642,0.6243386243386243
153:3,153,16,Burnley,BUR,Fulham,FUL,H,3,2,3,-1,2.52,2.23,0.29000000000000004,4,2,3,1,0.9441166666666667,2.913294797687861,0.8968609865470852
153:10,153,16,Fulham,FUL,Burnley,BUR,A,2,3,2,1,2.23,2.52,-0.29000000000000004,2,4,2,3,1.098616666666667,2.0,0.5615079365079365
151:1,151,16,Arsenal,ARS,Wolves,WOL,H,1,2,1,1,1.02,0.38,0.64,2,2,3,3,1.640116666666667,0.5779036827195467,1.4868421052631577
151:20,151,16,Wolves,WOL,Arsenal,ARS,A,5,1,2,-1,0.38,1.02,-0.64,4,4,3,3,0.9881166666666669,0.5241379310344828,1.2990196078431373
155:8,155,16,Crystal Palace,CRY,Man City,MCI,H,4,0,3,-3,2.08,1.19,0.8900000000000001,5,2,5,2,1.5666166666666665,1.337620578778135,1.1638655462184875
155:13,155,16,Man City,MCI,Crystal Palace,CRY,A,3,3,0,3,1.19,2.08,-0.8900000000000001,1,4,1,5,1.816616666666667,0.5905707196029777,0.47115384615384615
158:16,158,16,Nott'm Forest,NFO,Spurs,TOT,H,3,3,0,3,1.91,0.37,1.54,1,1,1,1,1.2211166666666666,1.736363636363636,3.945945945945946
158:18,158,16,Spurs,TOT,Nott'm Forest,NFO,A,3,0,3,-3,0.37,1.91,-1.54,5,5,5,5,1.0801166666666668,0.3592233009708738,0.6989528795811518
159:17,159,16,Sunderland,SUN,Newcastle,NEW,H,3,1,0,1,0.29,0.25,0.03999999999999998,2,3,2,2,0.9886166666666668,0.3333333333333333,5.46
159:15,159,16,Newcastle,NEW,Sunderland,SUN,A,3,0,1,-1,0.25,0.29,-0.03999999999999998,4,3,4,4,1.3941166666666667,0.17064846416382254,4.517241379310345
160:19,160,16,West Ham,WHU,Aston Villa,AVL,H,3,2,3,-1,1.04,0.62,0.42000000000000004,4,2,3,2,1.1001166666666666,1.0348258706467663,2.3306451612903225
160:2,160,16,Aston Villa,AVL,West Ham,WHU,A,3,3,2,1,0.62,1.04,-0.42000000000000004,2,4,2,4,1.1811166666666668,0.5511111111111111,1.2115384615384615
152:5,152,16,Brentford,BRE,Leeds,LEE,H,2,1,1,0,0.71,1.43,-0.72,3,4,2,5,1.4486166666666667,0.4686468646864686,0.9265734265734268
152:11,152,16,Leeds,LEE,Brentford,BRE,A,3,1,1,0,1.43,0.71,0.72,3,2,2,2,1.3731166666666668,0.9965156794425086,1.830985915492958
157:14,157,16,Man Utd,MUN,Bournemouth,BOU,H,3,4,4,0,3.29,1.86,1.43,3,1,4,2,1.6976166666666668,2.1225806451612903,0.6155913978494624
157:4,157,16,Bournemouth,BOU,Man Utd,MUN,A,4,4,4,0,1.86,3.29,-1.43,3,5,3,5,1.3886166666666668,1.1625,0.4072948328267477
168:15,168,17,Newcastle,NEW,Chelsea,CHE,H,3,2,2,0,2.26,1.25,1.0099999999999998,3,2,3,1,1.3405505952380954,1.5426621160409557,1.048
168:7,168,17,Chelsea,CHE,Newcastle,NEW,A,3,2,2,0,1.25,2.26,-1.0099999999999998,3,4,3,5,1.6205505952380952,0.764525993883792,0.5597345132743364
162:4,162,17,Bournemouth,BOU,Burnley,BUR,H,1,1,1,0,1.71,0.38,1.33,3,1,3,1,1.4119791666666666,1.0687499999999999,3.5263157894736845
162:3,162,17,Burnley,BUR,Bournemouth,BOU,A,4,1,1,0,0.38,1.71,-1.33,3,5,1,4,1.0200744047619048,0.4393063583815029,1.1695906432748537
163:6,163,17,Brighton,BHA,Sunderland,SUN,H,2,0,0,0,1.13,1.38,-0.25,3,3,3,4,1.536264880952381,0.7820069204152249,0.855072463768116
163:17,163,17,Sunderland,SUN,Brighton,BHA,A,4,0,0,0,1.38,1.13,0.25,3,3,3,2,0.9562648809523809,1.586206896551724,1.2079646017699117
167:13,167,17,Man City,MCI,West Ham,WHU,H,2,3,0,3,2.43,0.99,1.4400000000000002,1,1,1,2,1.7876934523809527,1.2059553349875933,0.98989898989899
167:19,167,17,West Ham,WHU,Man City,MCI,A,5,0,3,-3,0.99,2.43,-1.4400000000000002,5,5,5,4,1.0981696428571428,0.9850746268656717,0.5946502057613168
170:20,170,17,Wolves,WOL,Brentford,BRE,H,3,0,2,-2,1.29,1.28,0.010000000000000009,5,3,4,2,0.9600744047619049,1.7793103448275862,1.0351562500000002
170:5,170,17,Brentford,BRE,Wolves,WOL,A,2,2,0,2,1.28,1.29,-0.010000000000000009,1,3,1,3,1.4143601190476192,0.8448844884488448,1.0271317829457365
169:18,169,17,Spurs,TOT,Liverpool,LIV,H,3,1,2,-1,1.01,0.6,0.41000000000000003,4,2,4,2,1.047217261904762,0.9805825242718447,2.225
169:12,169,17,Liverpool,LIV,Spurs,TOT,A,3,2,1,1,0.6,1.01,-0.41000000000000003,2,4,2,4,1.5700744047619046,0.38338658146964855,1.0445544554455446
164:9,164,17,Everton,EVE,Arsenal,ARS,H,4,0,1,-1,0.2,1.81,-1.61,4,5,4,5,1.2448363095238097,0.18779342723004697,0.7955801104972375
164:1,164,17,Arsenal,ARS,Everton,EVE,A,3,1,0,1,1.81,0.2,1.61,2,1,3,2,1.6115029761904762,1.0254957507082152,2.8249999999999997
166:11,166,17,Leeds,LEE,Crystal Palace,CRY,H,3,4,1,3,3.05,1.58,1.4699999999999998,1,1,1,1,1.3767410714285715,2.1254355400696863,0.8227848101265822
166:8,166,17,Crystal Palace,CRY,Leeds,LEE,A,3,1,4,-3,1.58,3.05,-1.4699999999999998,5,5,5,5,1.5919791666666665,1.0160771704180063,0.4540983606557377
161:2,161,17,Aston Villa,AVL,Man Utd,MUN,H,3,2,1,1,1.02,1.31,-0.29000000000000004,2,4,2,4,1.1553125000000002,0.9066666666666667,0.9618320610687022
161:14,161,17,Man Utd,MUN,Aston Villa,AVL,A,4,1,2,-1,1.31,1.02,0.29000000000000004,4,2,5,3,1.7743601190476193,0.8451612903225807,1.1225490196078431
165:10,165,17,Fulham,FUL,Nott'm Forest,NFO,H,3,1,0,1,1.5,0.6,0.9,2,2,2,1,1.1534077380952383,1.345291479820628,2.3583333333333334
165:16,165,17,Nott'm Forest,NFO,Fulham,FUL,A,3,0,1,-1,0.6,1.5,-0.9,4,4,4,4,1.2548363095238095,0.5454545454545454,0.9733333333333333
177:14,177,18,Man Utd,MUN,Newcastle,NEW,H,3,1,0,1,1.27,1.18,0.09000000000000008,2,3,2,3,1.7531550802139038,0.8193548387096774,0.9703389830508475
177:15,177,18,Newcastle,NEW,Man Utd,MUN,A,4,0,1,-1,1.18,1.27,-0.09000000000000008,4,3,4,4,1.382245989304813,0.8054607508532423,1.031496062992126
178:16,178,18,Nott'm Forest,NFO,Man City,MCI,H,4,1,2,-1,0.59,1.39,-0.7999999999999999,4,4,4,4,1.2249732620320855,0.5363636363636363,1.050359712230216
178:13,178,18,Man City,MCI,Nott'm Forest,NFO,A,3,2,1,1,1.39,0.59,0.7999999999999999,2,2,3,3,1.8167914438502673,0.6898263027295286,1.6610169491525424
171:1,171,18,Arsenal,ARS,Brighton,BHA,H,3,2,1,1,2.8,0.8,1.9999999999999998,2,1,3,1,1.620427807486631,1.5864022662889516,0.7062499999999999
171:6,171,18,Brighton,BHA,Arsenal,ARS,A,5,1,2,-1,0.8,2.8,-1.9999999999999998,4,5,4,5,1.5177005347593584,0.5536332179930796,0.42142857142857143
172:5,172,18,Brentford,BRE,Bournemouth,BOU,H,3,4,1,3,3.46,2.39,1.0699999999999998,1,1,1,2,1.4081550802139038,2.2838283828382835,0.5543933054393306
172:4,172,18,Bournemouth,BOU,Brentford,BRE,A,3,1,4,-3,2.39,3.46,-1.0699999999999998,5,5,5,5,1.4254278074866311,1.49375,0.3872832369942197
173:3,173,18,Burnley,BUR,Everton,EVE,H,3,0,0,0,1.65,0.88,0.7699999999999999,3,2,1,1,0.9908823529411763,1.9075144508670518,2.272727272727273
173:9,173,18,Everton,EVE,Burnley,BUR,A,2,0,0,0,0.88,1.65,-0.7699999999999999,3,4,3,4,1.197245989304813,0.8262910798122066,0.8727272727272728
176:12,176,18,Liverpool,LIV,Wolves,WOL,H,1,2,1,1,1.54,1.07,0.47,2,2,2,3,1.5258823529411765,0.9840255591054313,0.985981308411215
176:20,176,18,Wolves,WOL,Liverpool,LIV,A,4,1,2,-1,1.07,1.54,-0.47,4,4,3,3,0.9749732620320857,1.4758620689655173,0.8603896103896105
180:19,180,18,West Ham,WHU,Fulham,FUL,H,3,0,1,-1,0.89,1.27,-0.38,4,4,3,3,1.0931550802139036,0.8855721393034827,1.137795275590551
180:10,180,18,Fulham,FUL,West Ham,WHU,A,3,1,0,1,1.27,0.89,0.38,2,2,2,2,1.1690641711229948,1.1390134529147982,1.5898876404494382
174:7,174,18,Chelsea,CHE,Aston Villa,AVL,H,3,1,2,-1,2.14,1.05,1.09,4,1,4,2,1.6036096256684493,1.308868501529052,1.204761904761905
174:2,174,18,Aston Villa,AVL,Chelsea,CHE,A,3,2,1,1,1.05,2.14,-1.09,2,5,2,5,1.1490641711229947,0.9333333333333333,0.5887850467289719
179:17,179,18,Sunderland,SUN,Leeds,LEE,H,2,1,1,0,0.65,2.03,-1.38,3,5,3,5,0.975427807486631,0.7471264367816092,0.6724137931034483
179:11,179,18,Leeds,LEE,Sunderland,SUN,A,3,1,1,0,2.03,0.65,1.38,3,1,2,1,1.4527005347593585,1.4146341463414631,2.0
175:8,175,18,Crystal Palace,CRY,Spurs,TOT,H,3,0,1,-1,1.31,0.84,0.4700000000000001,4,2,4,2,1.5913368983957215,0.8424437299035369,1.648809523809524
175:18,175,18,Spurs,TOT,Crystal Palace,CRY,A,3,1,0,1,0.84,1.31,-0.4700000000000001,2,4,1,4,1.0454278074866312,0.8155339805825242,1.0190839694656488
183:3,183,19,Burnley,BUR,Newcastle,NEW,H,3,1,3,-2,1.06,2.01,-0.9499999999999997,5,4,4,2,1.0209178743961351,1.2254335260115607,0.9950248756218907
183:15,183,19,Newcastle,NEW,Burnley,BUR,A,2,3,1,2,2.01,1.06,0.9499999999999997,1,2,1,2,1.374830917874396,1.372013651877133,1.2358490566037736
184:7,184,19,Chelsea,CHE,Bournemouth,BOU,H,3,2,2,0,2.43,2.94,-0.5099999999999998,3,4,3,4,1.6283091787439614,1.486238532110092,0.43027210884353745
184:4,184,19,Bournemouth,BOU,Chelsea,CHE,A,3,2,2,0,2.94,2.43,0.5099999999999998,3,2,3,2,1.468743961352657,1.8375,0.551440329218107
188:16,188,19,Nott'm Forest,NFO,Everton,EVE,H,3,0,2,-2,1.89,1.44,0.44999999999999996,5,2,5,1,1.198743961352657,1.718181818181818,1.0138888888888888
188:9,188,19,Everton,EVE,Nott'm Forest,NFO,A,3,2,0,2,1.44,1.89,-0.44999999999999996,1,4,1,3,1.184830917874396,1.352112676056338,0.7619047619047619
190:19,190,19,West Ham,WHU,Brighton,BHA,H,3,2,2,0,2.12,2.85,-0.73,3,4,2,3,1.0857004830917873,2.109452736318408,0.507017543859649
190:6,190,19,Brighton,BHA,West Ham,WHU,A,3,2,2,0,2.85,2.12,0.73,3,2,3,2,1.4878743961352654,1.9723183391003463,0.5566037735849056
181:1,181,19,Arsenal,ARS,Aston Villa,AVL,H,3,4,1,3,3.17,2.67,0.5,1,2,1,3,1.6730917874396136,1.7960339943342774,0.21161048689138576
181:2,181,19,Aston Villa,AVL,Arsenal,ARS,A,5,1,4,-3,2.67,3.17,-0.5,5,4,5,4,1.146135265700483,2.373333333333333,0.39747634069400634
187:14,187,19,Man Utd,MUN,Wolves,WOL,H,1,1,1,0,0.81,1.02,-0.20999999999999996,3,3,4,4,1.7335265700483091,0.5225806451612903,1.1225490196078431
187:20,187,19,Wolves,WOL,Man Utd,MUN,A,4,1,1,0,1.02,0.81,0.20999999999999996,3,3,1,1,0.9804830917874396,1.406896551724138,1.6358024691358026
185:8,185,19,Crystal Palace,CRY,Fulham,FUL,H,3,1,1,0,1.93,1.76,0.16999999999999993,3,3,3,3,1.5804830917874393,1.2411575562700963,0.7869318181818182
185:10,185,19,Fulham,FUL,Crystal Palace,CRY,A,3,1,1,0,1.76,1.93,-0.16999999999999993,3,3,3,3,1.174830917874396,1.57847533632287,0.7331606217616581
186:12,186,19,Liverpool,LIV,Leeds,LEE,H,2,0,0,0,2.08,0.69,1.3900000000000001,3,1,3,1,1.5278743961352657,1.3290734824281152,1.5289855072463772
186:11,186,19,Leeds,LEE,Liverpool,LIV,A,4,0,0,0,0.69,2.08,-1.3900000000000001,3,5,3,4,1.4791787439613526,0.48083623693379784,0.625
182:5,182,19,Brentford,BRE,Spurs,TOT,H,3,0,0,0,0.92,0.86,0.06000000000000005,3,3,3,3,1.4987439613526572,0.6072607260726073,1.540697674418605
182:18,182,19,Spurs,TOT,Brentford,BRE,A,3,0,0,0,0.86,0.92,-0.06000000000000005,3,3,2,3,1.0378743961352657,0.8349514563106796,1.451086956521739
189:17,189,19,Sunderland,SUN,Man City,MCI,H,4,0,0,0,0.88,2.24,-1.3600000000000003,3,5,3,4,0.9626570048309179,1.0114942528735633,0.6093749999999999
189:13,189,19,Man City,MCI,Sunderland,SUN,A,3,0,0,0,2.24,0.88,1.3600000000000003,3,1,4,2,1.7996135265700486,1.11166253101737,1.1136363636363635
191:2,191,20,Aston Villa,AVL,Nott'm Forest,NFO,H,3,3,1,2,1.59,0.89,0.7000000000000001,1,2,1,1,1.2144133771929826,1.4133333333333333,1.4157303370786516
191:16,191,20,Nott'm Forest,NFO,Aston Villa,AVL,A,4,1,3,-2,0.89,1.59,-0.7000000000000001,5,4,5,4,1.2323300438596492,0.8090909090909091,0.9182389937106917
193:6,193,20,Brighton,BHA,Burnley,BUR,H,1,2,0,2,1.45,0.3,1.15,1,1,1,1,1.5494133771929823,1.0034602076124568,3.933333333333333
193:3,193,20,Burnley,BUR,Brighton,BHA,A,4,0,2,-2,0.3,1.45,-1.15,5,5,4,3,1.027330043859649,0.3468208092485549,1.3793103448275863
200:20,200,20,Wolves,WOL,West Ham,WHU,H,2,3,0,3,1.87,0.25,1.62,1,1,1,1,0.9869133771929826,2.5793103448275865,5.300000000000001
200:19,200,20,West Ham,WHU,Wolves,WOL,A,2,0,3,-3,0.25,1.87,-1.62,5,5,5,5,1.133580043859649,0.24875621890547267,0.7727272727272726
192:4,192,20,Bournemouth,BOU,Arsenal,ARS,H,4,2,3,-1,1.43,1.13,0.30000000000000004,4,2,5,3,1.534830043859649,0.8937499999999999,1.185840707964602
192:1,192,20,Arsenal,ARS,Bournemouth,BOU,A,4,3,2,1,1.13,1.43,-0.30000000000000004,2,4,3,5,1.7402467105263157,0.640226628895184,0.3951048951048951
196:11,196,20,Leeds,LEE,Man Utd,MUN,H,3,1,1,0,0.9,1.58,-0.68,3,4,3,4,1.4510800438596492,0.627177700348432,0.8227848101265822
196:14,196,20,Man Utd,MUN,Leeds,LEE,A,3,1,1,0,1.58,0.9,0.68,3,2,4,2,1.699830043859649,1.0193548387096774,1.2722222222222221
194:9,194,20,Everton,EVE,Brentford,BRE,H,3,2,4,-2,0.89,2.66,-1.77,5,5,5,5,1.200246710526316,0.835680751173709,0.5413533834586466
194:5,194,20,Brentford,BRE,Everton,EVE,A,3,4,2,2,2.66,0.89,1.77,1,1,2,1,1.4794133771929825,1.7557755775577557,1.4887640449438204
198:15,198,20,Newcastle,NEW,Crystal Palace,CRY,H,3,2,0,2,2.08,0.7,1.3800000000000001,1,1,1,1,1.4060800438596488,1.4197952218430037,1.8714285714285717
198:8,198,20,Crystal Palace,CRY,Newcastle,NEW,A,3,0,2,-2,0.7,2.08,-1.3800000000000001,5,5,5,5,1.5998300438596489,0.45016077170418,0.6658653846153846
199:18,199,20,Spurs,TOT,Sunderland,SUN,H,2,1,1,0,1.18,0.44,0.74,3,2,2,1,1.035246710526316,1.145631067961165,3.034090909090909
199:17,199,20,Sunderland,SUN,Spurs,TOT,A,3,1,1,0,0.44,1.18,-0.74,3,4,3,3,0.9639967105263159,0.5057471264367817,1.1567796610169492
195:10,195,20,Fulham,FUL,Liverpool,LIV,H,3,2,2,0,0.74,1.37,-0.6300000000000001,3,4,3,4,1.2039967105263158,0.6636771300448431,1.032846715328467
195:12,195,20,Liverpool,LIV,Fulham,FUL,A,3,2,2,0,1.37,0.74,0.6300000000000001,3,2,3,2,1.5556633771929824,0.8753993610223643,1.4256756756756759
197:13,197,20,Man City,MCI,Chelsea,CHE,H,3,1,1,0,1.02,1.85,-0.8300000000000001,3,4,4,5,1.8227467105263158,0.5062034739454095,0.5297297297297296
197:7,197,20,Chelsea,CHE,Man City,MCI,A,5,1,1,0,1.85,1.02,0.8300000000000001,3,2,3,2,1.6664967105263155,1.1314984709480123,1.2401960784313726
210:19,210,21,West Ham,WHU,Nott'm Forest,NFO,H,3,1,2,-1,0.95,1.38,-0.42999999999999994,4,4,4,3,1.0966449999999999,0.945273631840796,1.0471014492753623
210:16,210,21,Nott'm Forest,NFO,West Ham,WHU,A,3,2,1,1,1.38,0.95,0.42999999999999994,2,2,2,2,1.217045,1.2545454545454544,1.536842105263158
202:4,202,21,Bournemouth,BOU,Spurs,TOT,H,3,3,2,1,1.27,1.25,0.020000000000000018,2,3,1,4,1.5290449999999998,0.79375,1.072
202:18,202,21,Spurs,TOT,Bournemouth,BOU,A,4,2,3,-1,1.25,1.27,-0.020000000000000018,4,3,4,2,1.039445,1.2135922330097086,1.0511811023622046
203:5,203,21,Brentford,BRE,Sunderland,SUN,H,2,3,0,3,3.24,1.72,1.5200000000000002,1,1,1,1,1.525045,2.1386138613861387,0.7703488372093025
203:17,203,21,Sunderland,SUN,Brentford,BRE,A,3,0,3,-3,1.72,3.24,-1.5200000000000002,5,5,5,5,0.9414450000000001,1.9770114942528736,0.4212962962962963
205:8,205,21,Crystal Palace,CRY,Aston Villa,AVL,H,3,0,0,0,1.5,1.74,-0.24,3,3,3,4,1.5622449999999999,0.9646302250803858,0.7959770114942529
205:2,205,21,Aston Villa,AVL,Crystal Palace,CRY,A,3,0,0,0,1.74,1.5,0.24,3,3,3,2,1.227845,1.5466666666666666,0.84
206:9,206,21,Everton,EVE,Wolves,WOL,H,1,1,1,0,0.89,0.73,0.16000000000000003,3,3,3,2,1.1862450000000002,0.835680751173709,1.9726027397260273
206:20,206,21,Wolves,WOL,Everton,EVE,A,3,1,1,0,0.73,0.89,-0.16000000000000003,3,3,1,2,1.020645,1.006896551724138,1.4887640449438204
207:10,207,21,Fulham,FUL,Chelsea,CHE,H,3,2,1,1,1.2,2.39,-1.1900000000000002,2,5,2,5,1.183845,1.0762331838565022,0.5920502092050209
207:7,207,21,Chelsea,CHE,Fulham,FUL,A,3,1,2,-1,2.39,1.2,1.1900000000000002,4,1,4,2,1.6722449999999998,1.4617737003058104,1.054166666666667
208:13,208,21,Man City,MCI,Brighton,BHA,H,3,1,1,0,2.55,1.16,1.39,3,1,4,2,1.7890450000000004,1.2655086848635237,0.8448275862068966
208:6,208,21,Brighton,BHA,Man City,MCI,A,5,1,1,0,1.16,2.55,-1.39,3,5,3,5,1.5438450000000001,0.8027681660899655,0.4627450980392157
204:3,204,21,Burnley,BUR,Man Utd,MUN,H,3,2,2,0,0.24,2.55,-2.3099999999999996,3,5,1,5,0.9966449999999999,0.2774566473988439,0.7843137254901962
204:14,204,21,Man Utd,MUN,Burnley,BUR,A,2,2,2,0,2.55,0.24,2.3099999999999996,3,1,4,1,1.6934449999999999,1.6451612903225805,4.770833333333334
209:15,209,21,Newcastle,NEW,Leeds,LEE,H,2,4,3,1,2.43,1.89,0.5400000000000003,2,2,2,2,1.4314449999999999,1.6587030716723552,0.6931216931216931
209:11,209,21,Leeds,LEE,Newcastle,NEW,A,3,3,4,-1,1.89,2.43,-0.5400000000000003,4,4,4,4,1.427445,1.3170731707317072,0.5349794238683128
201:1,201,21,Arsenal,ARS,Liverpool,LIV,H,3,0,0,0,0.57,0.31,0.25999999999999995,3,3,4,4,1.7142450000000002,0.3229461756373937,1.8225806451612903
201:12,201,21,Liverpool,LIV,Arsenal,ARS,A,5,0,0,0,0.31,0.57,-0.25999999999999995,3,3,3,4,1.546645,0.19808306709265175,1.8508771929824566
216:14,216,22,Man Utd,MUN,Man City,MCI,H,4,2,0,2,2.27,0.45,1.82,1,1,1,1,1.727586996336996,1.4645161290322581,2.5444444444444443
216:13,216,22,Man City,MCI,Man Utd,MUN,A,4,0,2,-2,0.45,2.27,-1.82,5,5,5,5,1.8195100732600733,0.2233250620347395,0.4317180616740088
213:7,213,22,Chelsea,CHE,Brentford,BRE,H,3,2,0,2,1.59,1.52,0.07000000000000006,1,3,1,3,1.7010485347985347,0.9724770642201835,0.8322368421052633
213:5,213,22,Brentford,BRE,Chelsea,CHE,A,3,0,2,-2,1.52,1.59,-0.07000000000000006,5,3,5,4,1.5922023809523809,1.0033003300330032,0.8333333333333334
214:11,214,22,Leeds,LEE,Fulham,FUL,H,3,1,0,1,1.43,0.39,1.04,2,2,2,2,1.4464331501831502,0.9965156794425086,3.3333333333333335
214:10,214,22,Fulham,FUL,Leeds,LEE,A,3,0,1,-1,0.39,1.43,-1.04,4,4,4,5,1.1856639194139194,0.34977578475336324,0.9895104895104896
215:12,215,22,Liverpool,LIV,Burnley,BUR,H,1,1,1,0,3.18,0.4,2.7800000000000002,3,1,3,1,1.500279304029304,2.0319488817891376,2.6375
215:3,215,22,Burnley,BUR,Liverpool,LIV,A,4,1,1,0,0.4,3.18,-2.7800000000000002,3,5,2,5,0.9687408424908424,0.46242774566473993,0.6289308176100629
219:18,219,22,Spurs,TOT,West Ham,WHU,H,2,1,2,-1,1.44,2.85,-1.4100000000000001,4,5,4,5,1.0487408424908424,1.3980582524271843,0.4684210526315789
219:19,219,22,West Ham,WHU,Spurs,TOT,A,3,2,1,1,2.85,1.44,1.4100000000000001,2,1,1,1,1.0922023809523809,2.8358208955223883,1.003472222222222
218:17,218,22,Sunderland,SUN,Crystal Palace,CRY,H,3,2,1,1,1.71,0.61,1.1,2,1,2,1,0.9725869963369964,1.9655172413793103,2.237704918032787
218:8,218,22,Crystal Palace,CRY,Sunderland,SUN,A,3,1,2,-1,0.61,1.71,-1.1,4,5,4,5,1.5610485347985343,0.3922829581993569,0.8099415204678363
217:16,217,22,Nott'm Forest,NFO,Arsenal,ARS,H,4,0,0,0,0.34,2.1,-1.76,3,5,2,5,1.224510073260073,0.3090909090909091,0.6952380952380952
217:1,217,22,Arsenal,ARS,Nott'm Forest,NFO,A,3,0,0,0,2.1,0.34,1.76,3,1,4,1,1.6714331501831503,1.1898016997167138,1.6617647058823526
220:20,220,22,Wolves,WOL,Newcastle,NEW,H,3,0,0,0,0.29,0.94,-0.6499999999999999,3,4,1,3,1.0106639194139195,0.39999999999999997,1.4095744680851066
220:15,220,22,Newcastle,NEW,Wolves,WOL,A,2,0,0,0,0.94,0.29,0.6499999999999999,3,2,3,2,1.4710485347985345,0.6416382252559727,4.517241379310345
211:2,211,22,Aston Villa,AVL,Everton,EVE,H,3,0,1,-1,1.44,0.51,0.9299999999999999,4,2,4,1,1.2487408424908426,1.28,2.4705882352941178
211:9,211,22,Everton,EVE,Aston Villa,AVL,A,4,1,0,1,0.51,1.44,-0.9299999999999999,2,4,2,4,1.176048534798535,0.47887323943661975,1.0
212:6,212,22,Brighton,BHA,Bournemouth,BOU,H,3,1,1,0,1.02,1.29,-0.27,3,3,3,4,1.5302793040293037,0.7058823529411765,0.9147286821705426
212:4,212,22,Bournemouth,BOU,Brighton,BHA,A,4,1,1,0,1.29,1.02,0.27,3,3,3,3,1.5202793040293041,0.80625,1.3137254901960784
230:19,230,23,West Ham,WHU,Sunderland,SUN,H,2,3,1,2,1.52,0.67,0.85,1,2,1,1,1.156590909090909,1.5124378109452739,2.1567164179104474
230:17,230,23,Sunderland,SUN,West Ham,WHU,A,3,1,3,-2,0.67,1.52,-0.85,5,4,5,4,0.9991835016835018,0.7701149425287357,0.8980263157894737
224:3,224,23,Burnley,BUR,Spurs,TOT,H,3,2,2,0,1.44,2.05,-0.6099999999999999,3,4,2,2,0.9469612794612793,1.6647398843930636,0.9756097560975611
224:18,224,23,Spurs,TOT,Burnley,BUR,A,2,2,2,0,2.05,1.44,0.6099999999999999,3,2,3,1,1.062516835016835,1.9902912621359221,0.9270833333333334
227:10,227,23,Fulham,FUL,Brighton,BHA,H,3,2,1,1,1.05,1.59,-0.54,2,4,2,4,1.155479797979798,0.9417040358744395,0.889937106918239
227:6,227,23,Brighton,BHA,Fulham,FUL,A,3,1,2,-1,1.59,1.05,0.54,4,2,4,2,1.510664983164983,1.1003460207612459,1.1238095238095238
228:13,228,23,Man City,MCI,Wolves,WOL,H,1,2,0,2,0.86,0.61,0.25,1,3,2,4,1.768072390572391,0.4267990074441688,1.6065573770491803
228:20,228,23,Wolves,WOL,Man City,MCI,A,5,0,2,-2,0.61,0.86,-0.25,5,3,4,3,0.9832575757575759,0.8413793103448276,1.540697674418605
222:4,222,23,Bournemouth,BOU,Liverpool,LIV,H,3,3,2,1,2.35,0.93,1.42,2,1,2,1,1.5110353535353536,1.46875,1.4408602150537635
222:12,222,23,Liverpool,LIV,Bournemouth,BOU,A,4,2,3,-1,0.93,2.35,-1.42,4,5,4,5,1.5617760942760943,0.5942492012779553,0.448936170212766
223:5,223,23,Brentford,BRE,Nott'm Forest,NFO,H,3,0,2,-2,1.81,0.78,1.03,5,2,5,2,1.5888131313131315,1.1947194719471947,1.698717948717949
223:16,223,23,Nott'm Forest,NFO,Brentford,BRE,A,3,2,0,2,0.78,1.81,-1.03,1,4,1,4,1.1910353535353535,0.7090909090909091,0.8066298342541436
225:8,225,23,Crystal Palace,CRY,Chelsea,CHE,H,3,1,3,-2,1.77,2.2,-0.43000000000000016,5,4,5,4,1.5251094276094275,1.1382636655948553,0.6295454545454545
225:7,225,23,Chelsea,CHE,Crystal Palace,CRY,A,3,3,1,2,2.2,1.77,0.43000000000000016,1,2,2,3,1.6962205387205387,1.345565749235474,0.7146892655367232
229:15,229,23,Newcastle,NEW,Aston Villa,AVL,H,3,0,2,-2,2.18,1.16,1.0200000000000002,5,2,5,1,1.4506649831649827,1.4880546075085326,1.1293103448275863
229:2,229,23,Aston Villa,AVL,Newcastle,NEW,A,3,2,0,2,1.16,2.18,-1.0200000000000002,1,4,1,5,1.2551094276094277,1.031111111111111,0.5779816513761468
221:1,221,23,Arsenal,ARS,Man Utd,MUN,H,3,2,3,-1,1.19,0.71,0.48,4,2,5,4,1.6865909090909095,0.6742209631728044,0.7957746478873239
221:14,221,23,Man Utd,MUN,Arsenal,ARS,A,5,3,2,1,0.71,1.19,-0.48,2,4,2,4,1.7469612794612797,0.4580645161290322,0.9621848739495799
226:9,226,23,Everton,EVE,Leeds,LEE,H,2,1,1,0,0.6,1.23,-0.63,3,4,3,3,1.1506649831649833,0.5633802816901409,1.170731707317073
226:11,226,23,Leeds,LEE,Everton,EVE,A,3,1,1,0,1.23,0.6,0.63,3,2,3,2,1.4451094276094276,0.8571428571428571,2.166666666666667
232:6,232,24,Brighton,BHA,Everton,EVE,H,3,1,1,0,1.44,1.2,0.24,3,3,4,3,1.5132298136645963,0.9965397923875433,0.9833333333333333
232:9,232,24,Everton,EVE,Brighton,BHA,A,4,1,1,0,1.2,1.44,-0.24,3,3,3,3,1.1307298136645965,1.1267605633802817,1.0
234:11,234,24,Leeds,LEE,Arsenal,ARS,H,4,0,4,-4,0.15,2.19,-2.04,5,5,5,5,1.4371583850931677,0.10452961672473866,0.5936073059360731
234:1,234,24,Arsenal,ARS,Leeds,LEE,A,3,4,0,4,2.19,0.15,2.04,1,1,1,1,1.6685869565217393,1.2407932011331444,3.7666666666666666
240:20,240,24,Wolves,WOL,Bournemouth,BOU,H,3,0,2,-2,1.38,1.36,0.019999999999999796,5,3,4,2,0.9696583850931678,1.9034482758620688,0.974264705882353
240:4,240,24,Bournemouth,BOU,Wolves,WOL,A,2,2,0,2,1.36,1.38,-0.019999999999999796,1,3,1,4,1.5407298136645964,0.85,0.9710144927536233
233:7,233,24,Chelsea,CHE,West Ham,WHU,H,2,3,2,1,2.7,1.12,1.58,2,1,2,1,1.7139440993788821,1.651376146788991,1.1294642857142858
233:19,233,24,West Ham,WHU,Chelsea,CHE,A,3,2,3,-1,1.12,2.7,-1.58,4,5,4,4,1.1693012422360247,1.1144278606965177,0.5351851851851851
235:12,235,24,Liverpool,LIV,Newcastle,NEW,H,3,4,1,3,2.28,0.36,1.92,1,1,1,1,1.538944099378882,1.4568690095846644,2.9305555555555562
235:15,235,24,Newcastle,NEW,Liverpool,LIV,A,4,1,4,-3,0.36,2.28,-1.92,5,5,5,5,1.4764440993788817,0.24573378839590446,0.574561403508772
231:2,231,24,Aston Villa,AVL,Brentford,BRE,H,3,0,1,-1,2.4,0.38,2.02,4,1,4,1,1.251444099378882,2.1333333333333333,3.3157894736842106
231:5,231,24,Brentford,BRE,Aston Villa,AVL,A,4,1,0,1,0.38,2.4,-2.02,2,5,2,5,1.5964440993788822,0.2508250825082508,0.5520833333333335
236:14,236,24,Man Utd,MUN,Fulham,FUL,H,3,3,2,1,1.79,1.94,-0.1499999999999999,2,3,2,4,1.7096583850931677,1.1548387096774193,0.5902061855670103
236:10,236,24,Fulham,FUL,Man Utd,MUN,A,4,2,3,-1,1.94,1.79,0.1499999999999999,4,3,4,2,1.151444099378882,1.7399103139013452,0.7905027932960894
237:16,237,24,Nott'm Forest,NFO,Crystal Palace,CRY,H,3,1,1,0,0.49,1.9,-1.41,3,5,2,5,1.1760869565217391,0.44545454545454544,0.768421052631579
237:8,237,24,Crystal Palace,CRY,Nott'm Forest,NFO,A,3,1,1,0,1.9,0.49,1.41,3,1,3,1,1.533586956521739,1.2218649517684885,2.826530612244898
239:18,239,24,Spurs,TOT,Man City,MCI,H,4,2,2,0,1.05,2.08,-1.03,3,4,3,4,1.0975155279503108,1.0194174757281553,0.641826923076923
239:13,239,24,Man City,MCI,Spurs,TOT,A,3,2,2,0,2.08,1.05,1.03,3,2,4,3,1.7353726708074537,1.0322580645161292,0.9333333333333332
238:17,238,24,Sunderland,SUN,Burnley,BUR,H,1,3,0,3,1.47,0.06,1.41,1,1,1,1,0.9871583850931679,1.6896551724137931,22.75
238:3,238,24,Burnley,BUR,Sunderland,SUN,A,3,0,3,-3,0.06,1.47,-1.41,5,5,5,4,0.9643012422360248,0.06936416184971098,1.3605442176870748
246:11,246,25,Leeds,LEE,Nott'm Forest,NFO,H,3,3,1,2,2.5,1.33,1.17,1,1,1,1,1.3929094827586206,1.7421602787456445,0.9774436090225563
246:16,246,25,Nott'm Forest,NFO,Leeds,LEE,A,3,1,3,-2,1.33,2.5,-1.17,5,5,5,5,1.1525646551724138,1.209090909090909,0.584
248:14,248,25,Man Utd,MUN,Spurs,TOT,H,3,2,0,2,1.78,0.49,1.29,1,1,1,2,1.7125646551724139,1.1483870967741936,2.3367346938775513
248:18,248,25,Spurs,TOT,Man Utd,MUN,A,4,0,2,-2,0.49,1.78,-1.29,5,5,5,5,1.0960129310344828,0.4757281553398058,0.75
241:1,241,25,Arsenal,ARS,Sunderland,SUN,H,2,3,0,3,1.49,0.19,1.3,1,1,1,3,1.6867025862068965,0.8441926345609064,2.9736842105263155
241:17,241,25,Sunderland,SUN,Arsenal,ARS,A,5,0,3,-3,0.19,1.49,-1.3,5,5,5,4,1.0039439655172415,0.21839080459770116,0.9161073825503355
242:4,242,25,Bournemouth,BOU,Aston Villa,AVL,H,3,1,1,0,2.06,0.44,1.62,3,1,3,1,1.5346336206896554,1.2874999999999999,3.0454545454545454
242:2,242,25,Aston Villa,AVL,Bournemouth,BOU,A,4,1,1,0,0.44,2.06,-1.62,3,5,4,5,1.2911853448275863,0.39111111111111113,0.6116504854368932
244:3,244,25,Burnley,BUR,West Ham,WHU,H,2,0,2,-2,1.34,1.02,0.32000000000000006,5,2,4,1,0.9332543103448274,1.5491329479768787,1.9607843137254901
244:19,244,25,West Ham,WHU,Burnley,BUR,A,2,2,0,2,1.02,1.34,-0.32000000000000006,1,4,1,3,1.1677370689655173,1.0149253731343284,1.0783582089552237
245:10,245,25,Fulham,FUL,Everton,EVE,H,3,1,2,-1,1.97,1.88,0.09000000000000008,4,3,4,2,1.178771551724138,1.7668161434977578,0.7526595744680852
245:9,245,25,Everton,EVE,Fulham,FUL,A,3,2,1,1,1.88,1.97,-0.09000000000000008,2,3,2,2,1.1332543103448278,1.7652582159624413,0.7309644670050761
250:20,250,25,Wolves,WOL,Chelsea,CHE,H,3,1,3,-2,1.06,3.44,-2.38,5,5,4,5,0.9839439655172414,1.4620689655172414,0.38517441860465124
250:7,250,25,Chelsea,CHE,Wolves,WOL,A,2,3,1,2,3.44,1.06,2.38,1,1,2,1,1.7480818965517244,2.1039755351681957,1.1933962264150944
249:15,249,25,Newcastle,NEW,Brentford,BRE,H,3,2,3,-1,2.24,1.79,0.4500000000000002,4,2,4,3,1.438081896551724,1.5290102389078501,0.7318435754189945
249:5,249,25,Brentford,BRE,Newcastle,NEW,A,3,3,2,1,1.79,2.24,-0.4500000000000002,2,4,2,4,1.5546336206896554,1.1815181518151814,0.5915178571428572
243:6,243,25,Brighton,BHA,Crystal Palace,CRY,H,3,0,1,-1,0.74,1.16,-0.41999999999999993,4,4,4,4,1.5108405172413792,0.5121107266435987,1.0172413793103448
243:8,243,25,Crystal Palace,CRY,Brighton,BHA,A,4,1,0,1,1.16,0.74,0.41999999999999993,2,2,2,2,1.5463577586206894,0.7459807073954983,1.8716216216216217
247:12,247,25,Liverpool,LIV,Man City,MCI,H,4,1,2,-1,1.21,2.75,-1.54,4,5,5,5,1.5646336206896552,0.7731629392971247,0.3836363636363637
247:13,247,25,Man City,MCI,Liverpool,LIV,A,4,2,1,1,2.75,1.21,1.54,2,1,3,2,1.7473922413793106,1.3647642679900747,0.8099173553719008
253:7,253,26,Chelsea,CHE,Leeds,LEE,H,2,2,2,0,3.13,1.44,1.69,3,1,3,1,1.805646666666667,1.9143730886850152,0.8784722222222223
253:11,253,26,Leeds,LEE,Chelsea,CHE,A,3,2,2,0,1.44,3.13,-1.69,3,5,3,5,1.4309800000000001,1.0034843205574913,0.41533546325878595
255:9,255,26,Everton,EVE,Bournemouth,BOU,H,3,1,2,-1,2.94,1.34,1.5999999999999999,4,1,4,1,1.1593133333333336,2.76056338028169,1.0746268656716418
255:4,255,26,Bournemouth,BOU,Everton,EVE,A,3,2,1,1,1.34,2.94,-1.5999999999999999,2,5,2,5,1.5533133333333338,0.8375,0.45578231292517013
259:18,259,26,Spurs,TOT,Newcastle,NEW,H,3,1,2,-1,1.85,2.48,-0.6299999999999999,4,4,4,4,1.07698,1.796116504854369,0.5383064516129032
259:15,259,26,Newcastle,NEW,Spurs,TOT,A,3,2,1,1,2.48,1.85,0.6299999999999999,2,2,2,2,1.4659799999999998,1.6928327645051195,0.7081081081081081
260:19,260,26,West Ham,WHU,Man Utd,MUN,H,3,1,1,0,1.11,0.57,0.5400000000000001,3,2,2,2,1.16398,1.1044776119402988,2.5350877192982457
260:14,260,26,Man Utd,MUN,West Ham,WHU,A,3,1,1,0,0.57,1.11,-0.5400000000000001,3,4,4,4,1.7159800000000003,0.3677419354838709,1.0315315315315314
251:2,251,26,Aston Villa,AVL,Brighton,BHA,H,3,1,0,1,0.72,0.5,0.21999999999999997,2,3,3,2,1.26398,0.64,2.52
251:6,251,26,Brighton,BHA,Aston Villa,AVL,A,4,0,1,-1,0.5,0.72,-0.21999999999999997,4,3,4,4,1.4863133333333336,0.34602076124567477,1.6388888888888888
256:13,256,26,Man City,MCI,Fulham,FUL,H,3,3,0,3,1.37,1.42,-0.04999999999999982,1,3,1,4,1.7819800000000003,0.6799007444168736,0.6901408450704225
256:10,256,26,Fulham,FUL,Man City,MCI,A,5,0,3,-3,1.42,1.37,0.04999999999999982,5,3,5,3,1.2063133333333336,1.2735426008968609,1.032846715328467
257:16,257,26,Nott'm Forest,NFO,Wolves,WOL,H,1,0,0,0,2.55,0.42,2.13,3,1,3,1,1.1596466666666667,2.318181818181818,3.4761904761904763
257:20,257,26,Wolves,WOL,Nott'm Forest,NFO,A,3,0,0,0,0.42,2.55,-2.13,3,5,2,5,0.9876466666666668,0.5793103448275863,0.519607843137255
254:8,254,26,Crystal Palace,CRY,Burnley,BUR,H,1,2,3,-1,1.8,0.53,1.27,4,1,4,1,1.5346466666666665,1.157556270096463,2.6132075471698113
254:3,254,26,Burnley,BUR,Crystal Palace,CRY,A,3,3,2,1,0.53,1.8,-1.27,2,5,1,3,0.9479799999999999,0.6127167630057804,1.1111111111111112
258:17,258,26,Sunderland,SUN,Liverpool,LIV,H,3,0,1,-1,0.63,2.53,-1.9,4,5,4,5,0.9779800000000002,0.7241379310344828,0.5395256916996047
258:12,258,26,Liverpool,LIV,Sunderland,SUN,A,3,1,0,1,2.53,0.63,1.9,2,1,2,1,1.5539800000000001,1.6166134185303513,1.6746031746031749
252:5,252,26,Brentford,BRE,Arsenal,ARS,H,4,1,1,0,1.51,0.6,0.91,3,2,3,2,1.563646666666667,0.9966996699669967,2.208333333333334
252:1,252,26,Arsenal,ARS,Brentford,BRE,A,3,1,1,0,0.6,1.51,-0.91,3,4,5,5,1.6813133333333334,0.3399433427762039,0.37417218543046354
310:20,310,26,Wolves,WOL,Arsenal,ARS,H,4,2,2,0,0.29,1.6,-1.31,3,5,2,4,0.9876466666666668,0.39999999999999997,0.8281250000000001
310:1,310,26,Arsenal,ARS,Wolves,WOL,A,2,2,2,0,1.6,0.29,1.31,3,1,5,3,1.6813133333333334,0.9065155807365439,1.9482758620689655
261:2,261,27,Aston Villa,AVL,Leeds,LEE,H,2,1,1,0,1.46,1.35,0.10999999999999988,3,3,4,2,1.2467599802249414,1.2977777777777777,0.9333333333333332
261:11,261,27,Leeds,LEE,Aston Villa,AVL,A,4,1,1,0,1.35,1.46,-0.10999999999999988,3,3,3,3,1.4315986899023605,0.9407665505226481,0.8904109589041096
262:5,262,27,Brentford,BRE,Brighton,BHA,H,3,0,2,-2,1.6,1.09,0.51,5,2,5,2,1.5622438511926835,1.056105610561056,1.2155963302752295
262:6,262,27,Brighton,BHA,Brentford,BRE,A,3,2,0,2,1.09,1.6,-0.51,1,4,1,4,1.4548244963539736,0.7543252595155711,0.7374999999999999
263:7,263,27,Chelsea,CHE,Burnley,BUR,H,1,1,1,0,1.99,0.85,1.1400000000000001,3,1,3,2,1.8486954640959095,1.2171253822629968,1.4882352941176473
263:3,263,27,Burnley,BUR,Chelsea,CHE,A,3,1,1,0,0.85,1.99,-1.1400000000000001,3,5,2,3,0.9348244963539735,0.9826589595375722,1.0050251256281406
270:19,270,27,West Ham,WHU,Bournemouth,BOU,H,3,0,0,0,3.27,0.65,2.62,3,1,3,1,1.1625664318378446,3.2537313432835826,2.2230769230769227
270:4,270,27,Bournemouth,BOU,West Ham,WHU,A,3,0,0,0,0.65,3.27,-2.62,3,5,4,5,1.5467599802249417,0.40625,0.40978593272171254
266:13,266,27,Man City,MCI,Newcastle,NEW,H,3,2,1,1,1.35,0.62,0.7300000000000001,2,2,3,3,1.7690180447410706,0.6699751861042185,1.5806451612903225
266:15,266,27,Newcastle,NEW,Man City,MCI,A,5,1,2,-1,0.62,1.35,-0.7300000000000001,4,4,4,4,1.4990180447410701,0.4232081911262799,0.9703703703703703
264:8,264,27,Crystal Palace,CRY,Wolves,WOL,H,1,1,0,1,2.0,1.63,0.3700000000000001,2,2,2,2,1.5435341737733281,1.2861736334405143,0.8496932515337424
264:20,264,27,Wolves,WOL,Crystal Palace,CRY,A,3,0,1,-1,1.63,2.0,-0.3700000000000001,4,4,3,3,0.948423730842912,2.2482758620689656,0.6625000000000001
267:16,267,27,Nott'm Forest,NFO,Liverpool,LIV,H,3,0,1,-1,1.19,1.73,-0.54,4,4,4,4,1.2048244963539734,1.0818181818181818,0.8439306358381503
267:12,267,27,Liverpool,LIV,Nott'm Forest,NFO,A,3,1,0,1,1.73,1.19,0.54,2,2,2,2,1.5857922382894576,1.1054313099041533,0.8865546218487397
268:17,268,27,Sunderland,SUN,Fulham,FUL,H,3,1,3,-2,1.85,1.88,-0.029999999999999805,5,3,5,2,0.9670825608701028,2.1264367816091956,0.726063829787234
268:10,268,27,Fulham,FUL,Sunderland,SUN,A,3,3,1,2,1.88,1.85,0.029999999999999805,1,3,1,3,1.2135341737733285,1.6860986547085202,0.7648648648648648
269:18,269,27,Spurs,TOT,Arsenal,ARS,H,4,1,4,-3,0.76,2.07,-1.3099999999999998,5,5,5,5,1.1022438511926833,0.7378640776699029,0.644927536231884
269:1,269,27,Arsenal,ARS,Spurs,TOT,A,3,4,1,3,2.07,0.76,1.3099999999999998,1,1,1,3,1.6452987308429121,1.1728045325779035,0.7434210526315789
265:9,265,27,Everton,EVE,Man Utd,MUN,H,3,0,1,-1,0.63,1.27,-0.64,4,4,4,3,1.2170825608701028,0.5915492957746479,1.1338582677165354
265:14,265,27,Man Utd,MUN,Everton,EVE,A,3,1,0,1,1.27,0.63,0.64,2,2,2,2,1.6793406253862317,0.8193548387096774,1.8174603174603174
280:20,280,28,Wolves,WOL,Aston Villa,AVL,H,3,2,0,2,0.86,1.03,-0.17000000000000004,1,3,1,2,0.9695476909314549,1.186206896551724,1.2864077669902914
280:2,280,28,Aston Villa,AVL,Wolves,WOL,A,2,0,2,-2,1.03,0.86,0.17000000000000004,5,3,5,2,1.2539085562730627,0.9155555555555556,1.4651162790697674
272:4,272,28,Bournemouth,BOU,Sunderland,SUN,H,2,1,1,0,1.71,1.42,0.29000000000000004,3,2,4,3,1.519221056273063,1.0687499999999999,0.943661971830986
272:17,272,28,Sunderland,SUN,Bournemouth,BOU,A,4,1,1,0,1.42,1.71,-0.29000000000000004,3,4,4,3,0.995158556273063,1.632183908045977,0.7982456140350878
274:3,274,28,Burnley,BUR,Brentford,BRE,H,3,3,4,-1,0.97,2.25,-1.28,4,5,3,4,0.9326585562730628,1.1213872832369942,0.8888888888888888
274:5,274,28,Brentford,BRE,Burnley,BUR,A,2,4,3,1,2.25,0.97,1.28,2,1,2,1,1.563908556273063,1.4851485148514851,1.3659793814432992
277:12,277,28,Liverpool,LIV,West Ham,WHU,H,2,5,2,3,1.84,1.86,-0.020000000000000018,1,3,1,4,1.5907835562730628,1.1757188498402558,0.5672043010752689
277:19,277,28,West Ham,WHU,Liverpool,LIV,A,4,2,5,-3,1.86,1.84,0.020000000000000018,5,3,5,2,1.2289085562730628,1.8507462686567167,0.7853260869565216
279:15,279,28,Newcastle,NEW,Everton,EVE,H,3,2,3,-1,1.03,2.13,-1.0999999999999999,4,5,4,4,1.4720335562730624,0.7030716723549489,0.6150234741784039
279:9,279,28,Everton,EVE,Newcastle,NEW,A,3,3,2,1,2.13,1.03,1.0999999999999999,2,1,2,1,1.199221056273063,2.0,1.3980582524271843
276:11,276,28,Leeds,LEE,Man City,MCI,H,4,0,1,-1,1.49,2.0,-0.51,4,4,4,4,1.4295335562730627,1.038327526132404,0.65
276:13,276,28,Man City,MCI,Leeds,LEE,A,3,1,0,1,2.0,1.49,0.51,2,2,3,3,1.756408556273063,0.9925558312655088,0.6577181208053691
273:6,273,28,Brighton,BHA,Nott'm Forest,NFO,H,3,2,1,1,1.31,0.93,0.38,2,2,2,3,1.443908556273063,0.9065743944636679,1.268817204301075
273:16,273,28,Nott'm Forest,NFO,Brighton,BHA,A,4,1,2,-1,0.93,1.31,-0.38,4,4,4,3,1.2048460562730627,0.8454545454545455,1.114503816793893
275:10,275,28,Fulham,FUL,Spurs,TOT,H,3,2,1,1,2.14,0.88,1.2600000000000002,2,1,2,1,1.234846056273063,1.9192825112107625,1.6079545454545454
275:18,275,28,Spurs,TOT,Fulham,FUL,A,3,1,2,-1,0.88,2.14,-1.2600000000000002,4,5,4,4,1.092033556273063,0.8543689320388349,0.6238317757009345
278:14,278,28,Man Utd,MUN,Crystal Palace,CRY,H,3,2,1,1,2.05,0.38,1.67,2,1,2,1,1.667033556273063,1.3225806451612903,3.013157894736842
278:8,278,28,Crystal Palace,CRY,Man Utd,MUN,A,4,1,2,-1,0.38,2.05,-1.67,4,5,4,5,1.5582835562730624,0.24437299035369772,0.675609756097561
271:1,271,28,Arsenal,ARS,Chelsea,CHE,H,3,2,1,1,1.13,1.05,0.07999999999999985,2,3,3,4,1.658638600022364,0.640226628895184,0.5380952380952381
271:7,271,28,Chelsea,CHE,Arsenal,ARS,A,5,1,2,-1,1.05,1.13,-0.07999999999999985,4,3,4,3,1.8535960562730631,0.6422018348623854,1.1194690265486729
282:4,282,29,Bournemouth,BOU,Brentford,BRE,H,3,0,0,0,1.92,0.4,1.52,3,1,4,1,1.5252286207268417,1.2,3.35
282:5,282,29,Brentford,BRE,Bournemouth,BOU,A,4,0,0,0,0.4,1.92,-1.52,3,5,3,5,1.5849255904238113,0.264026402640264,0.6901041666666667
284:9,284,29,Everton,EVE,Burnley,BUR,H,1,2,0,2,1.3,0.79,0.51,1,2,1,2,1.2276528631510841,1.2206572769953052,1.8227848101265822
284:3,284,29,Burnley,BUR,Everton,EVE,A,3,0,2,-2,0.79,1.3,-0.51,5,4,4,2,0.9340164995147202,0.9132947976878614,1.5384615384615383
286:11,286,29,Leeds,LEE,Sunderland,SUN,H,2,0,1,-1,1.15,0.86,0.2899999999999999,4,2,5,3,1.4315922570904778,0.8013937282229964,1.5116279069767442
286:17,286,29,Sunderland,SUN,Leeds,LEE,A,3,1,0,1,0.86,1.15,-0.2899999999999999,2,4,2,3,1.0082589237571447,0.9885057471264368,1.1869565217391305
290:20,290,29,Wolves,WOL,Liverpool,LIV,H,3,2,1,1,0.44,1.9,-1.46,2,5,1,4,0.9665454259995814,0.6068965517241379,0.6973684210526317
290:12,290,29,Liverpool,LIV,Wolves,WOL,A,2,1,2,-1,1.9,0.44,1.46,4,1,5,1,1.598561954060175,1.2140575079872205,2.397727272727273
281:2,281,29,Aston Villa,AVL,Chelsea,CHE,H,3,1,4,-3,0.78,3.6,-2.8200000000000003,5,5,5,5,1.2473498328480537,0.6933333333333334,0.35
281:7,281,29,Chelsea,CHE,Aston Villa,AVL,A,4,4,1,3,3.6,0.78,2.8200000000000003,1,1,1,1,1.829471044969266,2.2018348623853212,1.6217948717948718
283:6,283,29,Brighton,BHA,Arsenal,ARS,H,4,0,1,-1,0.82,0.47,0.35,4,2,5,3,1.4400771055753265,0.5674740484429066,2.5106382978723403
283:1,283,29,Arsenal,ARS,Brighton,BHA,A,4,1,0,1,0.47,0.82,-0.35,2,4,3,5,1.6433101318819345,0.26628895184135976,0.6890243902439024
285:10,285,29,Fulham,FUL,West Ham,WHU,H,2,0,1,-1,0.89,1.09,-0.20000000000000007,4,3,4,3,1.262501347999569,0.7982062780269058,1.2981651376146788
285:19,285,29,West Ham,WHU,Fulham,FUL,A,3,1,0,1,1.09,0.89,0.20000000000000007,2,3,2,2,1.2482589237571446,1.0845771144278609,1.6235955056179774
287:13,287,29,Man City,MCI,Nott'm Forest,NFO,H,3,2,2,0,2.12,0.97,1.1500000000000001,3,1,4,2,1.7640164995147205,1.0521091811414394,1.0103092783505154
287:16,287,29,Nott'm Forest,NFO,Man City,MCI,A,5,2,2,0,0.97,2.12,-1.1500000000000001,3,5,3,4,1.196743772241993,0.8818181818181817,0.6886792452830188
288:15,288,29,Newcastle,NEW,Man Utd,MUN,H,3,2,1,1,2.48,1.48,1.0,2,2,2,2,1.4588649843632049,1.6928327645051195,0.8851351351351352
288:14,288,29,Man Utd,MUN,Newcastle,NEW,A,3,1,2,-1,1.48,2.48,-1.0,4,4,5,5,1.678864984363205,0.9548387096774194,0.4616935483870968
289:18,289,29,Spurs,TOT,Crystal Palace,CRY,H,3,1,3,-2,1.58,1.78,-0.19999999999999996,5,3,5,3,1.085834681332902,1.5339805825242718,0.75
289:8,289,29,Crystal Palace,CRY,Spurs,TOT,A,3,3,1,2,1.78,1.58,0.19999999999999996,1,3,1,3,1.5228043783025988,1.1446945337620578,0.8765822784810127
293:3,293,30,Burnley,BUR,Bournemouth,BOU,H,3,0,0,0,1.4,2.55,-1.15,3,5,2,3,0.929570952092177,1.6184971098265895,0.7843137254901962
293:4,293,30,Bournemouth,BOU,Burnley,BUR,A,2,0,0,0,2.55,1.4,1.15,3,1,4,2,1.5366297756215894,1.5937499999999998,0.9571428571428573
299:17,299,30,Sunderland,SUN,Brighton,BHA,H,3,0,1,-1,0.9,1.68,-0.7799999999999999,4,4,4,4,1.003688599151001,1.0344827586206897,0.8125
299:6,299,30,Brighton,BHA,Sunderland,SUN,A,3,1,0,1,1.68,0.9,0.7799999999999999,2,2,2,2,1.421629775621589,1.1626297577854672,1.3111111111111111
291:1,291,30,Arsenal,ARS,Everton,EVE,H,3,2,0,2,2.7,1.05,1.6500000000000001,1,1,2,2,1.6095832106038293,1.5297450424929178,0.5380952380952381
291:9,291,30,Everton,EVE,Arsenal,ARS,A,5,0,2,-2,1.05,2.7,-1.6500000000000001,5,5,5,5,1.2295709520921771,0.9859154929577466,0.5333333333333333
294:7,294,30,Chelsea,CHE,Newcastle,NEW,H,3,0,1,-1,1.39,1.41,-0.020000000000000018,4,3,4,3,1.8813356579745304,0.8501529051987767,0.897163120567376
294:15,294,30,Newcastle,NEW,Chelsea,CHE,A,3,1,0,1,1.41,1.39,0.020000000000000018,2,3,2,3,1.4886885991510004,0.962457337883959,0.9424460431654678
300:19,300,30,West Ham,WHU,Man City,MCI,H,4,1,1,0,0.54,2.12,-1.58,3,5,3,5,1.243394481503942,0.537313432835821,0.6816037735849055
300:13,300,30,Man City,MCI,West Ham,WHU,A,3,1,1,0,2.12,0.54,1.58,3,1,4,1,1.7742768344451183,1.0521091811414394,1.8148148148148147
295:8,295,30,Crystal Palace,CRY,Leeds,LEE,H,2,0,0,0,0.67,1.12,-0.45000000000000007,3,4,3,4,1.5301591873862943,0.4308681672025723,1.2366071428571428
295:11,295,30,Leeds,LEE,Crystal Palace,CRY,A,3,0,0,0,1.12,0.67,0.45000000000000007,3,2,3,2,1.423100363856883,0.7804878048780488,1.9402985074626866
297:14,297,30,Man Utd,MUN,Aston Villa,AVL,H,3,3,1,2,1.1,1.0,0.10000000000000009,1,3,1,3,1.672806246209824,0.7096774193548387,1.145
297:2,297,30,Aston Villa,AVL,Man Utd,MUN,A,4,1,3,-2,1.0,1.1,-0.10000000000000009,5,3,5,3,1.2333944815039417,0.8888888888888888,1.1454545454545453
298:16,298,30,Nott'm Forest,NFO,Fulham,FUL,H,3,0,0,0,0.95,1.03,-0.08000000000000007,3,3,3,3,1.189865069739236,0.8636363636363635,1.4174757281553398
298:10,298,30,Fulham,FUL,Nott'm Forest,NFO,A,3,0,0,0,1.03,0.95,0.08000000000000007,3,3,3,2,1.2513356579745305,0.9237668161434978,1.4894736842105265
296:12,296,30,Liverpool,LIV,Spurs,TOT,H,3,1,1,0,1.7,1.18,0.52,3,2,4,3,1.6072180109157068,1.0862619808306708,0.8940677966101697
296:18,296,30,Spurs,TOT,Liverpool,LIV,A,4,1,1,0,1.18,1.7,-0.52,3,4,3,4,1.100159187386295,1.145631067961165,0.7852941176470588
292:5,292,30,Brentford,BRE,Wolves,WOL,H,1,2,2,0,2.56,1.39,1.1700000000000002,3,1,3,2,1.549865069739236,1.6897689768976896,0.9532374100719426
292:20,292,30,Wolves,WOL,Brentford,BRE,A,3,2,2,0,1.39,2.56,-1.1700000000000002,3,5,2,4,0.9512974963181149,1.9172413793103447,0.5175781250000001
302:4,302,31,Bournemouth,BOU,Man Utd,MUN,H,3,2,2,0,1.8,1.77,0.030000000000000027,3,3,4,3,1.565777408637874,1.125,0.7570621468926554
302:14,302,31,Man Utd,MUN,Bournemouth,BOU,A,4,2,2,0,1.77,1.8,-0.030000000000000027,3,3,4,4,1.6566345514950165,1.1419354838709677,0.6361111111111111
303:6,303,31,Brighton,BHA,Liverpool,LIV,H,3,2,1,1,2.17,1.03,1.14,2,1,2,1,1.4292059800664454,1.5017301038062285,1.145631067961165
303:12,303,31,Liverpool,LIV,Brighton,BHA,A,4,1,2,-1,1.03,2.17,-1.14,4,5,5,5,1.610063122923588,0.65814696485623,0.4861751152073734
305:10,305,31,Fulham,FUL,Burnley,BUR,H,1,3,1,2,3.15,1.24,1.91,1,1,1,1,1.2452059800664455,2.8251121076233185,1.1411290322580645
305:3,305,31,Burnley,BUR,Fulham,FUL,A,3,1,3,-2,1.24,3.15,-1.91,5,5,5,4,0.943205980066445,1.4335260115606936,0.6349206349206349
304:9,304,31,Everton,EVE,Chelsea,CHE,H,3,3,0,3,1.18,0.93,0.2499999999999999,1,3,1,2,1.2246345514950165,1.107981220657277,1.5483870967741935
304:7,304,31,Chelsea,CHE,Everton,EVE,A,3,0,3,-3,0.93,1.18,-0.2499999999999999,5,3,5,4,1.8674916943521598,0.5688073394495413,1.072033898305085
306:11,306,31,Leeds,LEE,Brentford,BRE,H,3,0,0,0,0.52,0.46,0.06,3,3,3,3,1.4146345514950163,0.3623693379790941,2.8260869565217392
306:5,306,31,Brentford,BRE,Leeds,LEE,A,3,0,0,0,0.46,0.52,-0.06,3,3,3,3,1.578920265780731,0.30363036303630364,2.5480769230769234
308:15,308,31,Newcastle,NEW,Sunderland,SUN,H,2,1,2,-1,1.27,2.45,-1.1800000000000002,4,5,4,4,1.486634551495016,0.8668941979522186,0.5346938775510204
308:17,308,31,Sunderland,SUN,Newcastle,NEW,A,3,2,1,1,2.45,1.27,1.1800000000000002,2,1,2,1,1.000920265780731,2.8160919540229887,1.074803149606299
301:2,301,31,Aston Villa,AVL,West Ham,WHU,H,2,2,0,2,1.69,0.85,0.84,1,2,1,1,1.2269202657807308,1.5022222222222221,1.4823529411764707
301:19,301,31,West Ham,WHU,Aston Villa,AVL,A,4,0,2,-2,0.85,1.69,-0.84,5,4,4,4,1.2234916943521594,0.845771144278607,0.8550295857988165
309:18,309,31,Spurs,TOT,Nott'm Forest,NFO,H,3,0,3,-3,1.25,1.34,-0.09000000000000008,5,3,5,3,1.1026345514950167,1.2135922330097086,0.9962686567164178
309:16,309,31,Nott'm Forest,NFO,Spurs,TOT,A,3,3,0,3,1.34,1.25,0.09000000000000008,1,3,1,2,1.1832059800664452,1.2181818181818183,1.168
320:19,320,32,West Ham,WHU,Wolves,WOL,H,1,4,0,4,2.35,0.59,1.7600000000000002,1,1,1,1,1.2133373786407768,2.338308457711443,2.449152542372881
320:20,320,32,Wolves,WOL,West Ham,WHU,A,3,0,4,-4,0.59,2.35,-1.7600000000000002,5,5,5,5,0.9638929341963323,0.8137931034482758,0.5638297872340426
311:1,311,32,Arsenal,ARS,Bournemouth,BOU,H,3,1,2,-1,2.32,1.19,1.13,4,1,5,3,1.6402818230852214,1.3144475920679886,0.47478991596638653
311:4,311,32,Bournemouth,BOU,Arsenal,ARS,A,5,2,1,1,1.19,2.32,-1.13,2,5,2,5,1.5725040453074435,0.7437499999999999,0.5775862068965518
312:5,312,32,Brentford,BRE,Everton,EVE,H,3,2,2,0,2.84,1.53,1.3099999999999998,3,1,3,1,1.5480596008629992,1.8745874587458744,0.866013071895425
312:9,312,32,Everton,EVE,Brentford,BRE,A,3,2,2,0,1.53,2.84,-1.3099999999999998,3,5,3,5,1.2236151564185545,1.4366197183098592,0.5070422535211268
313:3,313,32,Burnley,BUR,Brighton,BHA,H,3,0,2,-2,0.88,1.93,-1.0499999999999998,5,5,5,2,0.9516707119741099,1.0173410404624277,1.0362694300518136
313:6,313,32,Brighton,BHA,Burnley,BUR,A,2,2,0,2,1.93,0.88,1.0499999999999998,1,1,1,1,1.4500040453074436,1.3356401384083045,1.3409090909090908
316:12,316,32,Liverpool,LIV,Fulham,FUL,H,3,2,0,2,1.59,1.04,0.55,1,2,1,2,1.5941707119741102,1.0159744408945688,1.014423076923077
316:10,316,32,Fulham,FUL,Liverpool,LIV,A,4,0,2,-2,1.04,1.59,-0.55,5,4,5,4,1.2983373786407768,0.9327354260089686,0.889937106918239
315:8,315,32,Crystal Palace,CRY,Newcastle,NEW,H,3,2,1,1,2.56,1.13,1.4300000000000002,2,1,2,1,1.5060041608876558,1.6463022508038583,1.2256637168141593
315:15,315,32,Newcastle,NEW,Crystal Palace,CRY,A,3,1,2,-1,1.13,2.56,-1.4300000000000002,4,5,4,5,1.4808373786407762,0.7713310580204779,0.51171875
318:16,318,32,Nott'm Forest,NFO,Aston Villa,AVL,H,3,1,1,0,1.15,1.02,0.1299999999999999,3,3,3,2,1.1877818230852213,1.0454545454545452,1.4313725490196079
318:2,318,32,Aston Villa,AVL,Nott'm Forest,NFO,A,3,1,1,0,1.02,1.15,-0.1299999999999999,3,3,4,3,1.2400040453074432,0.9066666666666667,1.0956521739130436
319:17,319,32,Sunderland,SUN,Spurs,TOT,H,3,1,0,1,1.33,0.84,0.4900000000000001,2,2,2,1,1.0413929341963324,1.528735632183908,1.625
319:18,319,32,Spurs,TOT,Sunderland,SUN,A,3,0,1,-1,0.84,1.33,-0.4900000000000001,4,4,4,4,1.106948489751888,0.8155339805825242,1.0037593984962405
314:7,314,32,Chelsea,CHE,Man City,MCI,H,4,0,3,-3,1.14,2.29,-1.1500000000000001,5,5,5,5,1.8416707119741105,0.6972477064220183,0.5524017467248908
314:13,314,32,Man City,MCI,Chelsea,CHE,A,3,3,0,3,2.29,1.14,1.1500000000000001,1,1,2,2,1.7845755894590845,1.1364764267990077,0.8596491228070176
317:14,317,32,Man Utd,MUN,Leeds,LEE,H,2,1,2,-1,1.27,2.57,-1.2999999999999998,4,5,5,5,1.6600040453074434,0.8193548387096774,0.4455252918287938
317:11,317,32,Leeds,LEE,Man Utd,MUN,A,4,2,1,1,2.57,1.27,1.2999999999999998,2,1,2,1,1.3900040453074434,1.7909407665505224,1.0236220472440944
322:5,322,33,Brentford,BRE,Fulham,FUL,H,3,0,0,0,1.43,0.77,0.6599999999999999,3,2,3,2,1.5837986105227486,0.9438943894389438,1.720779220779221
322:10,322,33,Fulham,FUL,Brentford,BRE,A,3,0,0,0,0.77,1.43,-0.6599999999999999,3,4,3,4,1.292176988901127,0.6905829596412556,0.9895104895104896
326:11,326,33,Leeds,LEE,Wolves,WOL,H,1,3,0,3,2.82,0.57,2.25,1,1,1,1,1.4227175294416674,1.965156794425087,2.2807017543859653
326:20,326,33,Wolves,WOL,Leeds,LEE,A,3,0,3,-3,0.57,2.82,-2.25,5,5,5,5,0.9546094213335594,0.786206896551724,0.4698581560283689
328:15,328,33,Newcastle,NEW,Bournemouth,BOU,H,3,1,2,-1,1.59,2.99,-1.4000000000000001,5,5,5,5,1.4721769889011265,1.0853242320819114,0.43812709030100333
328:4,328,33,Bournemouth,BOU,Newcastle,NEW,A,3,2,1,1,2.99,1.59,1.4000000000000001,2,1,2,1,1.5629877997119377,1.8687500000000001,0.8427672955974843
330:18,330,33,Spurs,TOT,Brighton,BHA,H,3,2,2,0,1.09,0.82,0.27000000000000013,3,2,3,2,1.1005553672795054,1.058252427184466,1.628048780487805
330:6,330,33,Brighton,BHA,Spurs,TOT,A,3,2,2,0,0.82,1.09,-0.27000000000000013,3,4,4,4,1.4637986105227487,0.5674740484429066,1.0825688073394495
323:7,323,33,Chelsea,CHE,Man Utd,MUN,H,3,0,1,-1,1.57,0.29,1.28,4,1,4,2,1.8235283402524785,0.9602446483180428,4.362068965517242
323:14,323,33,Man Utd,MUN,Chelsea,CHE,A,3,1,0,1,0.29,1.57,-1.28,2,5,3,5,1.650285097009235,0.18709677419354837,0.7292993630573248
321:2,321,33,Aston Villa,AVL,Sunderland,SUN,H,2,4,3,1,2.84,1.73,1.1099999999999999,2,1,3,1,1.2348796916038296,2.5244444444444443,0.7283236994219653
321:17,321,33,Sunderland,SUN,Aston Villa,AVL,A,4,3,4,-1,1.73,2.84,-1.1099999999999999,4,5,4,4,1.0500148267389648,1.9885057471264367,0.48063380281690143
325:9,325,33,Everton,EVE,Liverpool,LIV,H,3,1,2,-1,0.79,1.45,-0.6599999999999999,4,4,4,4,1.2327175294416675,0.7417840375586855,0.993103448275862
325:12,325,33,Liverpool,LIV,Everton,EVE,A,3,2,1,1,1.45,0.79,0.6599999999999999,2,2,3,2,1.5948796916038297,0.9265175718849841,1.3354430379746838
329:16,329,33,Nott'm Forest,NFO,Burnley,BUR,H,1,4,1,3,1.19,0.36,0.83,1,2,1,1,1.1875823943065322,1.0818181818181818,4.055555555555555
329:3,329,33,Burnley,BUR,Nott'm Forest,NFO,A,3,1,4,-3,0.36,1.19,-0.83,5,4,5,2,0.950555367279505,0.4161849710982659,1.680672268907563
327:13,327,33,Man City,MCI,Arsenal,ARS,H,4,2,1,1,1.36,1.62,-0.26,2,3,3,4,1.799459683037269,0.6749379652605461,0.6049382716049382
327:1,327,33,Arsenal,ARS,Man City,MCI,A,5,1,2,-1,1.62,1.36,0.26,4,3,5,4,1.6594742861984244,0.9178470254957507,0.41544117647058815
324:8,324,33,Crystal Palace,CRY,West Ham,WHU,H,2,0,0,0,0.73,0.61,0.12,3,3,3,3,1.5361263497039357,0.4694533762057877,2.2704918032786887
324:19,324,33,West Ham,WHU,Crystal Palace,CRY,A,3,0,0,0,0.61,0.73,-0.12,3,3,3,2,1.2448796916038298,0.6069651741293532,1.9794520547945205
333:6,333,33,Brighton,BHA,Chelsea,CHE,H,3,3,0,3,2.14,0.37,1.77,1,1,1,1,1.4637986105227487,1.4809688581314882,3.189189189189189
333:7,333,33,Chelsea,CHE,Brighton,BHA,A,4,0,3,-3,0.37,2.14,-1.77,5,5,5,5,1.8235283402524785,0.22629969418960244,0.5911214953271028
332:4,332,33,Bournemouth,BOU,Leeds,LEE,H,2,2,2,0,1.65,0.81,0.8399999999999999,3,2,4,2,1.5629877997119377,1.0312499999999998,1.654320987654321
332:11,332,33,Leeds,LEE,Bournemouth,BOU,A,4,2,2,0,0.81,1.65,-0.8399999999999999,3,4,4,4,1.4227175294416674,0.5644599303135889,0.787878787878788
334:3,334,33,Burnley,BUR,Man City,MCI,H,4,0,1,-1,0.63,3.36,-2.73,5,5,3,5,0.950555367279505,0.7283236994219653,0.5952380952380952
334:13,334,33,Man City,MCI,Burnley,BUR,A,2,1,0,1,3.36,0.63,2.73,2,1,3,1,1.799459683037269,1.6674937965260548,1.5555555555555556
338:17,338,34,Sunderland,SUN,Nott'm Forest,NFO,H,3,0,5,-5,0.7,1.1,-0.40000000000000013,5,4,5,3,1.0677976379201017,0.8045977011494252,1.2409090909090907
338:16,338,34,Nott'm Forest,NFO,Sunderland,SUN,A,3,5,0,5,1.1,0.7,0.40000000000000013,1,2,1,2,1.1875344800253647,1.0,2.085714285714286
335:10,335,34,Fulham,FUL,Aston Villa,AVL,H,3,1,0,1,1.18,0.93,0.2499999999999999,2,3,2,2,1.2783239537095754,1.0582959641255605,1.521505376344086
335:2,335,34,Aston Villa,AVL,Fulham,FUL,A,3,0,1,-1,0.93,1.18,-0.2499999999999999,5,3,4,3,1.2770081642358908,0.8266666666666667,1.0677966101694916
336:12,336,34,Liverpool,LIV,Crystal Palace,CRY,H,3,3,1,2,1.14,2.26,-1.1199999999999999,1,5,1,5,1.590955532656944,0.7284345047923322,0.4668141592920355
336:8,336,34,Crystal Palace,CRY,Liverpool,LIV,A,4,1,3,-2,2.26,1.14,1.1199999999999999,5,1,5,1,1.5142246011071312,1.453376205787781,1.2149122807017545
339:19,339,34,West Ham,WHU,Everton,EVE,H,3,2,1,1,1.17,1.45,-0.28,2,4,2,3,1.2280607958148386,1.164179104477612,0.9965517241379309
339:9,339,34,Everton,EVE,West Ham,WHU,A,3,1,2,-1,1.45,1.17,0.28,5,2,4,2,1.2209555326569437,1.3615023474178405,1.2307692307692308
340:20,340,34,Wolves,WOL,Spurs,TOT,H,3,0,1,-1,0.7,0.92,-0.22000000000000008,5,3,4,2,0.9443765852885226,0.9655172413793103,1.440217391304348
340:18,340,34,Spurs,TOT,Wolves,WOL,A,2,1,0,1,0.92,0.7,0.22000000000000008,2,3,1,2,1.1001660589727333,0.8932038834951457,1.9071428571428573
331:1,331,34,Arsenal,ARS,Newcastle,NEW,H,3,1,0,1,0.49,1.0,-0.51,2,4,3,5,1.6583239537095753,0.27762039660056653,0.565
331:15,331,34,Newcastle,NEW,Arsenal,ARS,A,5,0,1,-1,1.0,0.49,0.51,5,2,5,3,1.475166058972733,0.6825938566552902,2.673469387755102
337:14,337,34,Man Utd,MUN,Brentford,BRE,H,3,2,1,1,1.36,1.17,0.19000000000000017,2,3,3,3,1.6143765852885226,0.8774193548387097,0.9786324786324787
337:5,337,34,Brentford,BRE,Man Utd,MUN,A,4,1,2,-1,1.17,1.36,-0.19000000000000017,5,3,4,4,1.5796397431832596,0.7722772277227722,0.974264705882353
347:11,347,35,Leeds,LEE,Burnley,BUR,H,1,3,1,2,1.64,0.57,1.0699999999999998,1,1,1,2,1.4419922850011346,1.1428571428571428,2.2807017543859653
347:3,347,35,Burnley,BUR,Leeds,LEE,A,3,1,3,-2,0.57,1.64,-1.0699999999999998,5,5,5,2,0.9263512593601086,0.6589595375722543,1.2195121951219512
344:5,344,35,Brentford,BRE,West Ham,WHU,H,2,3,0,3,2.27,0.92,1.35,1,1,1,1,1.5684025414113911,1.4983498349834983,1.440217391304348
344:19,344,35,West Ham,WHU,Brentford,BRE,A,3,0,3,-3,0.92,2.27,-1.35,5,5,5,4,1.2258384388472887,0.9154228855721395,0.6365638766519823
349:15,349,35,Newcastle,NEW,Brighton,BHA,H,3,3,1,2,3.16,1.53,1.6300000000000001,1,1,1,1,1.4622486952575446,2.156996587030717,0.8562091503267975
349:6,349,35,Brighton,BHA,Newcastle,NEW,A,3,1,3,-2,1.53,3.16,-1.6300000000000001,5,5,5,5,1.4637871567960066,1.058823529411765,0.3734177215189873
350:20,350,35,Wolves,WOL,Sunderland,SUN,H,2,1,1,0,1.72,0.66,1.06,4,1,2,1,0.9373769003857501,2.372413793103448,2.007575757575758
350:17,350,35,Sunderland,SUN,Wolves,WOL,A,2,1,1,0,0.66,1.72,-1.06,4,5,4,4,1.0576333106421605,0.7586206896551725,0.7936046511627907
341:1,341,35,Arsenal,ARS,Fulham,FUL,H,3,3,0,3,3.22,0.37,2.85,1,1,1,1,1.6276333106421605,1.8243626062322946,1.527027027027027
341:10,341,35,Fulham,FUL,Arsenal,ARS,A,5,0,3,-3,0.37,3.22,-2.85,5,5,5,5,1.275069208078058,0.33183856502242154,0.43944099378881984
343:4,343,35,Bournemouth,BOU,Crystal Palace,CRY,H,3,3,0,3,2.08,0.89,1.19,1,1,1,1,1.6009666439754937,1.3,1.50561797752809
343:8,343,35,Crystal Palace,CRY,Bournemouth,BOU,A,4,0,3,-3,0.89,2.08,-1.19,5,5,5,5,1.5330973451327432,0.5723472668810289,0.6658653846153846
348:14,348,35,Man Utd,MUN,Liverpool,LIV,H,3,3,2,1,2.34,0.88,1.46,2,1,3,1,1.6071204901293399,1.5096774193548386,1.3011363636363638
348:12,348,35,Liverpool,LIV,Man Utd,MUN,A,4,2,3,-1,0.88,2.34,-1.46,5,5,5,5,1.5786589516678016,0.5623003194888179,0.450854700854701
342:2,342,35,Aston Villa,AVL,Spurs,TOT,H,3,1,2,-1,0.32,0.99,-0.6699999999999999,5,4,5,4,1.26737690038575,0.28444444444444444,1.2727272727272727
342:18,342,35,Spurs,TOT,Aston Villa,AVL,A,4,2,1,1,0.99,0.32,0.6699999999999999,2,2,2,1,1.0948127978216478,0.9611650485436893,4.171875
345:7,345,35,Chelsea,CHE,Nott'm Forest,NFO,H,3,1,3,-2,2.15,2.05,0.10000000000000009,5,3,5,3,1.7789153619242115,1.3149847094801224,0.6170731707317074
345:16,345,35,Nott'm Forest,NFO,Chelsea,CHE,A,3,3,1,2,2.05,2.15,-0.10000000000000009,1,3,2,3,1.1845563875652372,1.8636363636363633,0.6790697674418604
346:9,346,35,Everton,EVE,Man City,MCI,H,4,3,3,0,2.72,1.54,1.1800000000000002,4,1,3,1,1.226094849103699,2.553990610328639,0.935064935064935
346:13,346,35,Man City,MCI,Everton,EVE,A,3,3,3,0,1.54,2.72,-1.1800000000000002,4,5,4,5,1.8280973451327431,0.7642679900744418,0.36029411764705876
355:12,355,36,Liverpool,LIV,Chelsea,CHE,H,3,1,1,0,0.56,0.5,0.06000000000000005,4,3,4,3,1.5619713467048715,0.3578274760383387,2.1100000000000003
355:7,355,36,Chelsea,CHE,Liverpool,LIV,A,4,1,1,0,0.5,0.56,-0.06000000000000005,4,3,4,3,1.7889713467048716,0.3058103975535168,2.2589285714285716
351:6,351,36,Brighton,BHA,Wolves,WOL,H,1,3,0,3,1.62,0.49,1.1300000000000001,1,1,1,1,1.4662213467048715,1.1211072664359865,2.4081632653061225
351:20,351,36,Wolves,WOL,Brighton,BHA,A,4,0,3,-3,0.49,1.62,-1.1300000000000001,5,5,5,4,0.9577213467048711,0.6758620689655173,0.8179012345679013
354:10,354,36,Fulham,FUL,Bournemouth,BOU,H,3,0,1,-1,1.33,0.82,0.5100000000000001,5,2,4,1,1.2532213467048714,1.1928251121076234,1.7256097560975612
354:4,354,36,Bournemouth,BOU,Fulham,FUL,A,3,1,0,1,0.82,1.33,-0.5100000000000001,2,4,2,4,1.613721346704871,0.5125,1.0075187969924813
358:17,358,36,Sunderland,SUN,Man Utd,MUN,H,3,0,0,0,1.25,0.62,0.63,4,2,4,1,1.0484713467048712,1.4367816091954022,2.2016129032258065
358:14,358,36,Man Utd,MUN,Sunderland,SUN,A,3,0,0,0,0.62,1.25,-0.63,4,4,4,4,1.6262213467048714,0.39999999999999997,0.916
356:13,356,36,Man City,MCI,Brentford,BRE,H,3,3,0,3,2.98,0.24,2.74,1,1,2,1,1.8215090735434576,1.4789081885856081,4.083333333333333
356:5,356,36,Brentford,BRE,Man City,MCI,A,5,0,3,-3,0.24,2.98,-2.74,5,5,5,5,1.5867213467048713,0.1584158415841584,0.44463087248322153
352:3,352,36,Burnley,BUR,Aston Villa,AVL,H,3,2,2,0,1.79,1.44,0.3500000000000001,4,2,2,1,0.9182213467048708,2.069364161849711,1.3888888888888888
352:2,352,36,Aston Villa,AVL,Burnley,BUR,A,2,2,2,0,1.44,1.79,-0.3500000000000001,4,4,4,4,1.2444713467048711,1.28,0.7039106145251397
353:8,353,36,Crystal Palace,CRY,Everton,EVE,H,3,2,2,0,2.56,1.59,0.97,4,2,3,2,1.5174065094408933,1.6463022508038583,0.871069182389937
353:9,353,36,Everton,EVE,Crystal Palace,CRY,A,3,2,2,0,1.59,2.56,-0.97,4,4,3,4,1.2642213467048713,1.4929577464788735,0.5625
357:16,357,36,Nott'm Forest,NFO,Newcastle,NEW,H,3,1,1,0,1.1,1.48,-0.3799999999999999,4,4,3,3,1.206971346704871,1.0,0.9864864864864865
357:15,357,36,Newcastle,NEW,Nott'm Forest,NFO,A,3,1,1,0,1.48,1.1,0.3799999999999999,4,2,3,3,1.505471346704871,1.0102389078498295,1.190909090909091
360:19,360,36,West Ham,WHU,Arsenal,ARS,H,4,0,1,-1,1.15,1.18,-0.030000000000000027,5,3,4,2,1.2189713467048713,1.1442786069651742,1.2245762711864405
360:1,360,36,Arsenal,ARS,West Ham,WHU,A,3,1,0,1,1.18,1.15,0.030000000000000027,2,3,4,4,1.6682213467048712,0.668555240793201,0.49130434782608695
359:18,359,36,Spurs,TOT,Leeds,LEE,H,2,1,1,0,1.27,1.34,-0.07000000000000006,4,3,3,3,1.0929713467048716,1.233009708737864,0.9962686567164178
359:11,359,36,Leeds,LEE,Spurs,TOT,A,3,1,1,0,1.34,1.27,0.07000000000000006,4,3,4,3,1.447721346704871,0.9337979094076655,1.0236220472440944
307:13,307,36,Man City,MCI,Crystal Palace,CRY,H,3,3,0,3,1.66,0.73,0.9299999999999999,1,2,2,3,1.8215090735434576,0.8238213399503723,1.3424657534246576
307:8,307,36,Crystal Palace,CRY,Man City,MCI,A,5,0,3,-3,0.73,1.66,-0.9299999999999999,5,4,5,4,1.5174065094408933,0.4694533762057877,0.8343373493975904
362:2,362,37,Aston Villa,AVL,Liverpool,LIV,H,3,4,2,2,1.85,1.43,0.42000000000000015,1,2,1,2,1.2487533875338752,1.6444444444444446,0.8811188811188811
362:12,362,37,Liverpool,LIV,Aston Villa,AVL,A,4,2,4,-2,1.43,1.85,-0.42000000000000015,5,4,5,4,1.5370460704607052,0.9137380191693291,0.5702702702702703
368:14,368,37,Man Utd,MUN,Nott'm Forest,NFO,H,3,3,2,1,4.57,1.88,2.6900000000000004,2,1,3,1,1.6011924119241192,2.948387096774194,0.6090425531914894
368:16,368,37,Nott'm Forest,NFO,Man Utd,MUN,A,4,2,3,-1,1.88,4.57,-2.6900000000000004,5,5,4,5,1.2038753387533876,1.7090909090909088,0.3194748358862144
364:5,364,37,Brentford,BRE,Crystal Palace,CRY,H,3,2,2,0,1.71,1.72,-0.010000000000000009,4,3,4,3,1.5533875338753391,1.1287128712871286,0.7703488372093025
364:8,364,37,Crystal Palace,CRY,Brentford,BRE,A,3,2,2,0,1.72,1.71,0.010000000000000009,4,3,3,3,1.5231436314363143,1.1061093247588423,0.8099415204678363
366:9,366,37,Everton,EVE,Sunderland,SUN,H,2,1,3,-2,1.04,0.76,0.28,5,2,5,2,1.2716802168021684,0.9765258215962442,1.894736842105263
366:17,366,37,Sunderland,SUN,Everton,EVE,A,3,3,1,2,0.76,1.04,-0.28,1,4,1,3,1.0528997289972901,0.8735632183908046,1.3125
367:11,367,37,Leeds,LEE,Brighton,BHA,H,3,1,0,1,0.39,3.06,-2.67,2,5,2,5,1.444607046070461,0.27177700348432055,0.42483660130718953
367:6,367,37,Brighton,BHA,Leeds,LEE,A,3,0,1,-1,3.06,0.39,2.67,5,1,5,1,1.4694850948509488,2.11764705882353,3.0256410256410255
370:20,370,37,Wolves,WOL,Fulham,FUL,H,3,1,1,0,1.4,1.59,-0.19000000000000017,4,3,2,2,0.9458265582655826,1.9310344827586206,0.8333333333333334
370:10,370,37,Fulham,FUL,Wolves,WOL,A,2,1,1,0,1.59,1.4,0.19000000000000017,4,3,3,2,1.2546070460704608,1.4260089686098656,1.010714285714286
369:15,369,37,Newcastle,NEW,West Ham,WHU,H,2,3,1,2,1.73,0.95,0.78,1,2,1,2,1.5043631436314362,1.180887372013652,1.3789473684210527
369:19,369,37,West Ham,WHU,Newcastle,NEW,A,3,1,3,-2,0.95,1.73,-0.78,5,4,4,4,1.2168021680216805,0.945273631840796,0.8352601156069364
361:1,361,37,Arsenal,ARS,Burnley,BUR,H,1,1,0,1,1.29,0.19,1.1,2,1,4,3,1.655826558265583,0.7308781869688386,2.9736842105263155
361:3,361,37,Burnley,BUR,Arsenal,ARS,A,5,0,1,-1,0.19,1.29,-1.1,5,5,4,3,0.9389972899728994,0.21965317919075145,1.5503875968992247
363:4,363,37,Bournemouth,BOU,Man City,MCI,H,4,1,1,0,2.25,1.48,0.77,4,2,4,2,1.5938753387533877,1.40625,0.9054054054054055
363:13,363,37,Man City,MCI,Bournemouth,BOU,A,4,1,1,0,1.48,2.25,-0.77,4,4,5,5,1.845338753387534,0.7344913151364766,0.43555555555555553
365:7,365,37,Chelsea,CHE,Spurs,TOT,H,3,2,1,1,0.63,1.27,-0.64,2,4,2,4,1.757046070460705,0.3853211009174312,0.9960629921259844
365:18,365,37,Spurs,TOT,Chelsea,CHE,A,3,1,2,-1,1.27,0.63,0.64,5,2,5,1,1.0968021680216808,1.233009708737864,2.119047619047619
371:6,371,38,Brighton,BHA,Man Utd,MUN,H,3,0,3,-3,0.79,1.66,-0.8699999999999999,5,4,5,5,1.5079134491634494,0.5467128027681661,0.7108433734939759
371:14,371,38,Man Utd,MUN,Brighton,BHA,A,4,3,0,3,1.66,0.79,0.8699999999999999,1,2,1,2,1.6724372586872587,1.0709677419354837,1.4493670886075949
372:3,372,38,Burnley,BUR,Wolves,WOL,H,1,1,1,0,0.98,2.09,-1.1099999999999999,4,5,2,3,0.9217229729729729,1.1329479768786128,0.9569377990430623
372:20,372,38,Wolves,WOL,Burnley,BUR,A,2,1,1,0,2.09,0.98,1.1099999999999999,4,1,2,1,0.9571991634491636,2.882758620689655,1.3520408163265307
373:8,373,38,Crystal Palace,CRY,Arsenal,ARS,H,4,1,2,-1,0.98,2.53,-1.5499999999999998,5,5,4,5,1.5283896396396395,0.630225080385852,0.5474308300395258
373:1,373,38,Arsenal,ARS,Crystal Palace,CRY,A,3,2,1,1,2.53,0.98,1.5499999999999998,2,1,4,2,1.6476753539253541,1.4334277620396598,0.5765306122448979
374:10,374,38,Fulham,FUL,Newcastle,NEW,H,3,2,0,2,1.81,0.31,1.5,1,1,1,1,1.2631515444015446,1.6233183856502242,4.564516129032258
374:15,374,38,Newcastle,NEW,Fulham,FUL,A,3,0,2,-2,0.31,1.81,-1.5,5,5,5,5,1.5102944015444013,0.21160409556313994,0.7237569060773481
375:12,375,38,Liverpool,LIV,Brentford,BRE,H,3,1,1,0,3.04,1.56,1.48,4,1,4,1,1.5350563063063067,1.9424920127795529,0.6762820512820513
375:5,375,38,Brentford,BRE,Liverpool,LIV,A,4,1,1,0,1.56,3.04,-1.48,4,5,4,5,1.557675353925354,1.0297029702970297,0.4358552631578948
376:13,376,38,Man City,MCI,Aston Villa,AVL,H,3,1,2,-1,1.34,1.77,-0.42999999999999994,5,4,5,5,1.8371991634491636,0.665012406947891,0.5536723163841808
376:2,376,38,Aston Villa,AVL,Man City,MCI,A,5,2,1,1,1.77,1.34,0.42999999999999994,2,2,3,2,1.263627734877735,1.5733333333333333,0.9402985074626865
377:16,377,38,Nott'm Forest,NFO,Bournemouth,BOU,H,3,1,1,0,1.73,0.95,0.78,4,2,3,1,1.2205324967824969,1.5727272727272725,1.536842105263158
377:4,377,38,Bournemouth,BOU,Nott'm Forest,NFO,A,3,1,1,0,0.95,1.73,-0.78,4,4,4,4,1.6100563063063063,0.5937499999999999,0.7745664739884394
379:18,379,38,Spurs,TOT,Everton,EVE,H,3,1,0,1,1.15,0.41,0.74,2,2,2,1,1.1014848777348785,1.116504854368932,3.25609756097561
379:9,379,38,Everton,EVE,Spurs,TOT,A,3,0,1,-1,0.41,1.15,-0.74,5,4,4,4,1.2667229729729732,0.38497652582159625,1.2521739130434784
378:17,378,38,Sunderland,SUN,Chelsea,CHE,H,3,2,1,1,1.84,0.89,0.9500000000000001,2,2,2,1,1.0464848777348779,2.1149425287356323,1.5337078651685392
378:7,378,38,Chelsea,CHE,Sunderland,SUN,A,3,1,2,-1,0.89,1.84,-0.9500000000000001,5,4,5,5,1.7307705920205922,0.5443425076452599,0.6875
380:19,380,38,West Ham,WHU,Leeds,LEE,H,2,3,0,3,2.61,1.59,1.0199999999999998,1,2,1,1,1.2110086872586876,2.5970149253731343,0.9088050314465408
380:11,380,38,Leeds,LEE,West Ham,WHU,A,3,0,3,-3,1.59,2.61,-1.0199999999999998,5,4,5,4,1.4200563063063065,1.10801393728223,0.4980842911877395
